Timestamp,Latitude,Longitude,Altitude,UTM Easting,UTM Northing,Zone,Letter,HDOP,GNGGA Read,Fix Quality,Current Time
1707595274.8957002,42.33824645166667,-71.08650596333334,0.0,328115.0849004476,4689440.824716095,19,T,0.8,"$GNGGA,165019.00,4220.2947871,N,07105.1903578,W,5,19,0.8,24.960,M,-28.725,M,1.0,0061*58
",5,1707601818.9999995
1707595276.151247,42.33824640666667,-71.08650607833333,0.0,328115.07530381967,4689440.819951656,19,T,0.8,"$GNGGA,165020.00,4220.2947844,N,07105.1903647,W,5,19,0.8,24.908,M,-28.725,M,1.0,0061*55
",5,1707601819.9999995
1707595277.4068065,45.671579683333334,-72.75317285,0.0,675002.4746847479,5060014.003299994,18,T,0.8,"$GNGGA,165021.00,4220.2947810,N,07105.1903710,W,5,19,0.8,24.800,M,-28.725,M,2.0,0061*5C
",5,1707601820.999999
1707595278.6609302,42.33824633166667,-71.08650625833333,0.0,328115.0602705717,4689440.811987343,19,T,0.8,"$GNGGA,165022.00,4220.2947799,N,07105.1903755,W,5,20,0.8,24.661,M,-28.725,M,1.0,0061*50
",5,1707601821.9999995
1707595279.9176092,42.338246201666664,-71.08650630666666,0.0,328115.0559345281,4689440.797649538,19,T,0.8,"$GNGGA,165023.00,4220.2947721,N,07105.1903784,W,5,20,0.8,24.513,M,-28.725,M,1.0,0061*58
",5,1707601822.9999993
1707595281.1740189,42.338245891666666,-71.08650639166666,0.0,328115.04808733263,4689440.763398226,19,T,0.8,"$GNGGA,165024.00,4220.2947535,N,07105.1903835,W,5,20,0.8,24.176,M,-28.725,M,2.0,0061*59
",5,1707601823.9999993
1707595282.4295766,42.338245801666666,-72.75317315,0.0,685092.6567306428,4689777.30137453,18,T,0.8,"$GNGGA,165025.00,4220.2947481,N,07105.1903890,W,5,20,0.8,24.053,M,-28.725,M,1.0,0061*5C
",5,1707601824.9999995
1707595283.6841629,42.338245756666666,-71.08650657666666,0.0,328115.0324786892,4689440.748781478,19,T,0.8,"$GNGGA,165026.00,4220.2947454,N,07105.1903946,W,5,20,0.8,23.922,M,-28.725,M,1.0,0061*55
",5,1707601825.999999
1707595284.9383392,45.671579066666666,-71.08650652,0.0,337484.56336181425,5059675.983859478,19,T,0.8,"$GNGGA,165027.00,4220.2947440,N,07105.1903912,W,5,20,0.8,23.896,M,-28.725,M,1.0,0061*5E
",5,1707601826.9999995
1707595286.195509,42.33824559833333,-71.08650645833333,0.0,328115.0417959009,4689440.73096056,19,T,0.8,"$GNGGA,165028.00,4220.2947359,N,07105.1903875,W,5,20,0.8,23.850,M,-28.725,M,1.0,0061*54
",5,1707601827.9999993
1707595287.4513214,42.338245478333334,-71.08650646166667,0.0,328115.0411943272,4689440.717642212,19,T,0.8,"$GNGGA,165029.00,4220.2947287,N,07105.1903877,W,5,20,0.8,23.831,M,-28.725,M,1.0,0061*52
",5,1707601828.9999995
1707595288.7063234,45.67157878333333,-72.75317306666666,0.0,675002.4606153781,5060013.902837663,18,T,0.8,"$GNGGA,165030.00,4220.2947270,N,07105.1903840,W,5,20,0.8,23.818,M,-28.725,M,1.0,0061*5D
",5,1707601829.9999995
1707595289.961992,42.33824539,-71.08650632166666,0.0,328115.05248722894,4689440.707550462,19,T,0.8,"$GNGGA,165031.00,4220.2947234,N,07105.1903793,W,5,20,0.8,23.890,M,-28.725,M,1.0,0061*5D
",5,1707601830.9999995
1707595291.21762,42.338245415,-71.08650611833333,0.0,328115.0693065061,4689440.70991549,19,T,0.8,"$GNGGA,165032.00,4220.2947249,N,07105.1903671,W,5,20,0.8,23.924,M,-28.725,M,1.0,0061*57
",5,1707601831.999999
1707595292.4740477,42.338245541666666,-71.08650593166666,0.0,328115.08502974774,4689440.723603516,19,T,0.8,"$GNGGA,165033.00,4220.2947325,N,07105.1903559,W,5,20,0.8,24.028,M,-28.725,M,1.0,0061*56
",5,1707601832.9999995
1707595293.730086,42.33824563666667,-71.08650564833333,0.0,328115.1086303729,4689440.733579791,19,T,0.8,"$GNGGA,165034.00,4220.2947382,N,07105.1903389,W,5,20,0.8,24.082,M,-28.725,M,1.0,0061*57
",5,1707601833.9999993
1707595294.984131,42.338245675,-71.086505395,0.0,328115.1296051146,4689440.737324309,19,T,0.8,"$GNGGA,165035.00,4220.2947405,N,07105.1903237,W,5,20,0.8,24.104,M,-28.725,M,2.0,0061*56
",5,1707601834.9999995
1707595296.2408488,42.338245648333334,-71.08650525333333,0.0,328115.1412033465,4689440.7340768045,19,T,0.8,"$GNGGA,165036.00,4220.2947389,N,07105.1903152,W,5,20,0.8,24.112,M,-28.725,M,1.0,0061*52
",5,1707601835.9999995
1707595297.4951625,42.33824572666666,-72.7531718,0.0,685092.7681685283,4689777.295985184,18,T,0.8,"$GNGGA,165037.00,4220.2947436,N,07105.1903080,W,5,20,0.8,24.156,M,-28.725,M,1.0,0061*5E
",5,1707601836.9999995
1707595298.7496905,42.33824570666667,-71.08650501,0.0,328115.1614087574,4689440.740062386,19,T,0.8,"$GNGGA,165038.00,4220.2947424,N,07105.1903006,W,5,20,0.8,24.147,M,-28.725,M,1.0,0061*5C
",5,1707601837.9999995
1707595300.0053205,42.33824575166667,-71.086504915,0.0,328115.16935772717,4689440.744867251,19,T,0.8,"$GNGGA,165039.00,4220.2947451,N,07105.1902949,W,5,20,0.8,24.149,M,-28.725,M,1.0,0061*52
",5,1707601838.9999993
1707595301.2590778,42.338245771666664,-71.08650490166667,0.0,328115.17051065876,4689440.747061146,19,T,0.8,"$GNGGA,165040.00,4220.2947463,N,07105.1902941,W,5,20,0.8,24.123,M,-28.725,M,1.0,0061*59
",5,1707601839.999999
1707595302.514408,42.33824582,-72.75317155,0.0,685092.7884905507,4689777.306893486,18,T,0.8,"$GNGGA,165041.00,4220.2947492,N,07105.1902930,W,5,20,0.8,24.067,M,-28.725,M,2.0,0061*52
",5,1707601840.999999
1707595303.7688951,42.33824574333333,-71.08650490833334,0.0,328115.16988424206,4689440.743928422,19,T,0.8,"$GNGGA,165042.00,4220.2947446,N,07105.1902945,W,5,20,0.8,24.013,M,-28.725,M,1.0,0061*5A
",5,1707601841.9999995
1707595305.0255394,42.338245703333335,-71.08650496833333,0.0,328115.1648322873,4689440.739608015,19,T,0.8,"$GNGGA,165043.00,4220.2947422,N,07105.1902981,W,5,20,0.8,23.942,M,-28.725,M,2.0,0061*58
",5,1707601842.9999993
1707595306.282259,42.33824561833333,-71.08650496166666,0.0,328115.1651499078,4689440.730155936,19,T,0.8,"$GNGGA,165044.00,4220.2947371,N,07105.1902977,W,5,20,0.8,23.883,M,-28.725,M,1.0,0061*58
",5,1707601843.999999
1707595307.538646,42.338245461666666,-71.08650502,0.0,328115.1599173744,4689440.712877217,19,T,0.8,"$GNGGA,165045.00,4220.2947277,N,07105.1903012,W,5,20,0.8,23.788,M,-28.725,M,2.0,0061*52
",5,1707601844.9999995
1707595308.7940633,42.338245353333335,-71.08650505333334,0.0,328115.15687610593,4689440.700915007,19,T,0.8,"$GNGGA,165046.00,4220.2947212,N,07105.1903032,W,5,20,0.8,23.776,M,-28.725,M,1.0,0061*52
",5,1707601845.9999995
1707595310.0472121,42.33824529333333,-71.08650506333333,0.0,328115.1558887963,4689440.694272679,19,T,0.8,"$GNGGA,165047.00,4220.2947176,N,07105.1903038,W,5,20,0.8,23.742,M,-28.725,M,1.0,0061*5F
",5,1707601846.9999995
1707595311.3032084,42.33824520666667,-71.08650513833334,0.0,328115.14947394887,4689440.684800616,19,T,0.8,"$GNGGA,165048.00,4220.2947124,N,07105.1903083,W,5,20,0.8,23.697,M,-28.725,M,2.0,0061*5D
",5,1707601847.9999993
1707595312.5588667,42.338245023333336,-71.08650513,0.0,328115.14966093947,4689440.664426002,19,T,0.8,"$GNGGA,165049.00,4220.2947014,N,07105.1903078,W,5,20,0.8,23.654,M,-28.725,M,1.0,0061*56
",5,1707601848.999999
1707595313.8141515,45.671578133333334,-71.086505155,0.0,337484.6669765304,5059675.877396427,19,T,0.8,"$GNGGA,165050.00,4220.2946880,N,07105.1903093,W,5,20,0.8,23.579,M,-28.725,M,2.0,0061*50
",5,1707601849.9999995
1707595315.06962,42.33824468,-71.08650519,0.0,328115.1437824935,4689440.62642274,19,T,0.8,"$GNGGA,165051.00,4220.2946808,N,07105.1903114,W,5,20,0.8,23.551,M,-28.725,M,1.0,0061*56
",5,1707601850.9999993
1707595316.3243303,42.33824449,-71.08650519833333,0.0,328115.14257827564,4689440.605341533,19,T,0.8,"$GNGGA,165052.00,4220.2946694,N,07105.1903119,W,5,20,0.8,23.518,M,-28.725,M,1.0,0061*5E
",5,1707601851.9999995
1707595317.5787294,42.33824427166667,-71.08650520666667,0.0,328115.1412968577,4689440.5811141245,19,T,0.8,"$GNGGA,165053.00,4220.2946563,N,07105.1903124,W,5,20,0.8,23.473,M,-28.725,M,2.0,0061*55
",5,1707601852.9999995
1707595318.8343887,42.338244206666666,-71.08650521166666,0.0,328115.14070783695,4689440.573906477,19,T,0.8,"$GNGGA,165054.00,4220.2946524,N,07105.1903127,W,5,17,0.8,23.463,M,-28.725,M,1.0,0061*54
",5,1707601853.9999995
1707595320.0908115,42.338244125,-71.086505225,0.0,328115.13938688365,4689440.56486497,19,T,0.8,"$GNGGA,165055.00,4220.2946475,N,07105.1903135,W,5,18,0.8,23.455,M,-28.725,M,1.0,0061*59
",5,1707601854.9999995
1707595321.346485,42.338244028333335,-71.08650528,0.0,328115.134592443,4689440.554242054,19,T,0.8,"$GNGGA,165056.00,4220.2946417,N,07105.1903168,W,5,18,0.8,23.439,M,-28.725,M,1.0,0061*5C
",5,1707601855.9999993
1707595322.6031864,42.33824392333333,-71.08650537166666,0.0,328115.1267545967,4689440.542767905,19,T,0.8,"$GNGGA,165057.00,4220.2946354,N,07105.1903223,W,5,20,0.8,23.435,M,-28.725,M,1.0,0061*56
",5,1707601856.9999995
1707595323.8579283,42.33824372666667,-71.08650545333333,0.0,328115.1194908123,4689440.5210946575,19,T,0.8,"$GNGGA,165058.00,4220.2946236,N,07105.1903272,W,5,20,0.8,23.424,M,-28.725,M,1.0,0061*58
",5,1707601857.9999993
1707595325.1142797,42.338243585,-71.08650559333333,0.0,328115.10757122654,4689440.50564666,19,T,0.8,"$GNGGA,165059.00,4220.2946151,N,07105.1903356,W,5,20,0.8,23.382,M,-28.725,M,2.0,0061*54
",5,1707601858.9999995
1707595326.370668,42.338243425,-71.08650570666667,0.0,328115.0977985607,4689440.48810898,19,T,0.8,"$GNGGA,165100.00,4220.2946055,N,07105.1903424,W,5,20,0.8,23.389,M,-28.725,M,1.0,0061*56
",5,1707601859.9999993
1707595327.6267748,42.33824332,-71.086505815,0.0,328115.0885876684,4689440.476668523,19,T,0.8,"$GNGGA,165101.00,4220.2945992,N,07105.1903489,W,5,20,0.8,23.369,M,-28.725,M,2.0,0061*5C
",5,1707601860.9999993
1707595328.883889,42.338243135,-71.08650596,0.0,328115.07613809715,4689440.4564187955,19,T,0.8,"$GNGGA,165102.00,4220.2945881,N,07105.1903576,W,5,19,0.8,23.380,M,-28.725,M,1.0,0061*53
",5,1707601861.9999995
1707595330.1399493,42.33824293833333,-71.08650614166666,0.0,328115.0606360398,4689440.434947695,19,T,0.8,"$GNGGA,165103.00,4220.2945763,N,07105.1903685,W,5,19,0.8,23.383,M,-28.725,M,1.0,0061*5D
",5,1707601862.9999995
1707595331.3935623,42.33824279666667,-71.08650623666666,0.0,328115.0524236767,4689440.419408731,19,T,0.8,"$GNGGA,165104.00,4220.2945678,N,07105.1903742,W,5,19,0.8,23.352,M,-28.725,M,2.0,0061*54
",5,1707601863.9999993
1707595332.6485124,42.338242725,-72.75317293333333,0.0,685092.6836083018,4689776.960202415,18,T,0.8,"$GNGGA,165105.00,4220.2945635,N,07105.1903760,W,5,20,0.8,23.371,M,-28.725,M,1.0,0061*54
",5,1707601864.9999993
1707595333.9022186,42.338242691666665,-71.08650635666666,0.0,328115.042251653,4689440.407991858,19,T,0.8,"$GNGGA,165106.00,4220.2945615,N,07105.1903814,W,5,19,0.8,23.345,M,-28.725,M,2.0,0061*57
",5,1707601865.9999993
1707595335.1593084,42.338242525,-72.75317308333334,0.0,685092.671837628,4689776.937667172,18,T,0.8,"$GNGGA,165107.00,4220.2945515,N,07105.1903850,W,5,19,0.8,23.370,M,-28.725,M,1.0,0061*50
",5,1707601866.9999993
1707595336.4144852,42.33824246166667,-71.08650640333333,0.0,328115.0377804403,4689440.382546445,19,T,0.8,"$GNGGA,165108.00,4220.2945477,N,07105.1903842,W,5,18,0.8,23.370,M,-28.725,M,1.0,0061*58
",5,1707601867.9999995
1707595337.6717,42.338242361666666,-71.08650636333333,0.0,328115.0408032795,4689440.37136135,19,T,0.8,"$GNGGA,165109.00,4220.2945417,N,07105.1903818,W,5,19,0.8,23.397,M,-28.725,M,1.0,0061*58
",5,1707601868.9999993
1707595338.9263902,42.33824224833333,-72.75317301666666,0.0,685092.678141691,4689776.907090273,18,T,0.8,"$GNGGA,165110.00,4220.2945349,N,07105.1903810,W,5,19,0.8,23.393,M,-28.725,M,1.0,0061*50
",5,1707601869.9999993
1707595340.180203,45.6715754,-71.08650633833334,0.0,337484.566894826,5059675.576128407,19,T,0.8,"$GNGGA,165111.00,4220.2945240,N,07105.1903803,W,5,19,0.8,23.391,M,-28.725,M,1.0,0061*59
",5,1707601870.999999
1707595341.434695,42.33824197333333,-72.75317301666666,0.0,685092.6789486256,4689776.876553314,18,T,0.8,"$GNGGA,165112.00,4220.2945184,N,07105.1903810,W,5,19,0.8,23.375,M,-28.725,M,1.0,0061*59
",5,1707601871.999999
1707595342.6888797,42.338241923333335,-71.08650636,0.0,328115.03988355584,4689440.322681034,19,T,0.8,"$GNGGA,165113.00,4220.2945154,N,07105.1903816,W,5,18,0.8,23.340,M,-28.725,M,1.0,0061*54
",5,1707601872.9999993
1707595343.944366,42.33824186,-71.086506415,0.0,328115.03517994087,4689440.315759531,19,T,0.8,"$GNGGA,165114.00,4220.2945116,N,07105.1903849,W,5,18,0.8,23.280,M,-28.725,M,2.0,0061*51
",5,1707601873.9999993
1707595345.1985242,42.33824179,-71.08650645333333,0.0,328115.0318312048,4689440.308064054,19,T,0.8,"$GNGGA,165115.00,4220.2945074,N,07105.1903872,W,5,18,0.8,23.249,M,-28.725,M,1.0,0061*5B
",5,1707601874.9999995
1707595346.4540935,42.33824174833333,-71.086506465,0.0,328115.03075654386,4689440.303460872,19,T,0.8,"$GNGGA,165116.00,4220.2945049,N,07105.1903879,W,5,18,0.8,23.227,M,-28.725,M,1.0,0061*55
",5,1707601875.9999993
1707595347.7074955,42.33824169166667,-71.08650642166667,0.0,328115.0341720602,4689440.297080874,19,T,0.8,"$GNGGA,165117.00,4220.2945015,N,07105.1903853,W,5,18,0.8,23.229,M,-28.725,M,1.0,0061*5B
",5,1707601876.9999993
1707595348.9646127,42.33824165666667,-71.08650641833333,0.0,328115.03435130784,4689440.293187652,19,T,0.8,"$GNGGA,165118.00,4220.2944994,N,07105.1903851,W,5,18,0.8,23.225,M,-28.725,M,1.0,0061*5B
",5,1707601877.9999993
1707595350.220265,45.6715749,-71.08650643,0.0,337484.5583073697,5059675.520765077,19,T,0.8,"$GNGGA,165119.00,4220.2944940,N,07105.1903858,W,5,18,0.8,23.230,M,-28.725,M,1.0,0061*5E
",5,1707601878.9999993
1707595351.4783757,42.33824147833333,-71.08650642,0.0,328115.03372809256,4689440.273388463,19,T,0.8,"$GNGGA,165120.00,4220.2944887,N,07105.1903852,W,5,18,0.8,23.230,M,-28.725,M,2.0,0061*57
",5,1707601879.9999993
1707595352.734751,42.33824142666667,-71.086506435,0.0,328115.03235157626,4689440.267681596,19,T,0.8,"$GNGGA,165121.00,4220.2944856,N,07105.1903861,W,5,18,0.8,23.235,M,-28.725,M,1.0,0061*5C
",5,1707601880.9999995
1707595353.9910676,42.338241276666665,-71.08650647,0.0,328115.02905947366,4689440.25109599,19,T,0.8,"$GNGGA,165122.00,4220.2944766,N,07105.1903882,W,5,18,0.8,23.241,M,-28.725,M,1.0,0061*5D
",5,1707601881.999999
1707595355.2447886,42.338241195,-71.08650654666667,0.0,328115.0225209451,4689440.24218251,19,T,0.8,"$GNGGA,165123.00,4220.2944717,N,07105.1903928,W,5,18,0.8,23.237,M,-28.725,M,2.0,0061*59
",5,1707601882.9999993
1707595356.4986875,42.338241153333335,-72.75317331666666,0.0,685092.6566396864,4689776.784844565,18,T,0.8,"$GNGGA,165124.00,4220.2944692,N,07105.1903990,W,5,18,0.8,23.249,M,-28.725,M,1.0,0061*5B
",5,1707601883.9999993
1707595357.75302,42.33824112166667,-71.08650672333333,0.0,328115.0077668454,4689440.234396529,19,T,0.8,"$GNGGA,165125.00,4220.2944673,N,07105.1904034,W,5,18,0.8,23.260,M,-28.725,M,2.0,0061*5D
",5,1707601884.9999995
1707595359.008156,42.33824102333333,-71.08650674166667,0.0,328115.0059885653,4689440.223514422,19,T,0.8,"$GNGGA,165126.00,4220.2944614,N,07105.1904045,W,5,18,0.8,23.262,M,-28.725,M,1.0,0061*58
",5,1707601885.999999
1707595360.263209,42.33824092333333,-72.75317341666667,0.0,685092.6490762179,4689776.759086865,18,T,0.8,"$GNGGA,165127.00,4220.2944554,N,07105.1904050,W,5,18,0.8,23.274,M,-28.725,M,1.0,0061*5D
",5,1707601886.9999993
1707595361.5168304,45.67157413333333,-71.08650679833333,0.0,337484.527398775,5059675.436337006,19,T,0.8,"$GNGGA,165128.00,4220.2944480,N,07105.1904079,W,5,18,0.8,23.283,M,-28.725,M,1.0,0061*59
",5,1707601887.999999
1707595362.771642,42.338240713333334,-71.08650687,0.0,328114.9945714524,4689440.189350706,19,T,0.8,"$GNGGA,165129.00,4220.2944428,N,07105.1904122,W,5,18,0.8,23.279,M,-28.725,M,2.0,0061*53
",5,1707601888.999999
1707595364.0274947,42.33824057166667,-71.08650694833334,0.0,328114.98773213476,4689440.173778051,19,T,0.8,"$GNGGA,165130.00,4220.2944343,N,07105.1904169,W,5,18,0.8,23.299,M,-28.725,M,1.0,0061*53
",5,1707601889.9999993
1707595365.2822604,42.338240551666665,-71.08650699333333,0.0,328114.9839704175,4689440.17164817,19,T,0.8,"$GNGGA,165131.00,4220.2944331,N,07105.1904196,W,5,18,0.8,23.306,M,-28.725,M,2.0,0061*53
",5,1707601890.9999995
1707595366.5382135,42.338240488333334,-71.086507015,0.0,328114.982012892,4689440.164659284,19,T,0.8,"$GNGGA,165132.00,4220.2944293,N,07105.1904209,W,5,18,0.8,23.333,M,-28.725,M,1.0,0061*59
",5,1707601891.999999
1707595367.7935128,45.67157376666667,-71.086507055,0.0,337484.50634585123,5059675.396121787,19,T,0.8,"$GNGGA,165133.00,4220.2944260,N,07105.1904233,W,5,18,0.8,23.356,M,-28.725,M,1.0,0061*5E
",5,1707601892.9999995
1707595369.0481076,42.33824038666667,-71.08650710333333,0.0,328114.97445873567,4689440.15354854,19,T,0.8,"$GNGGA,165134.00,4220.2944232,N,07105.1904262,W,5,18,0.8,23.368,M,-28.725,M,1.0,0061*57
",5,1707601893.9999995
1707595370.3039796,42.338240426666665,-71.08650711,0.0,328114.9740185075,4689440.158003709,19,T,0.8,"$GNGGA,165135.00,4220.2944256,N,07105.1904266,W,5,18,0.8,23.363,M,-28.725,M,1.0,0061*5B
",5,1707601894.9999995
1707595371.5586321,42.33824048666666,-71.08650714666666,0.0,328114.9711612902,4689440.164740374,19,T,0.8,"$GNGGA,165136.00,4220.2944292,N,07105.1904288,W,5,18,0.8,23.355,M,-28.725,M,2.0,0061*56
",5,1707601895.9999995
1707595372.8134146,42.33824047833333,-71.086507155,0.0,328114.97045205923,4689440.163831866,19,T,0.8,"$GNGGA,165137.00,4220.2944287,N,07105.1904293,W,5,18,0.8,23.354,M,-28.725,M,1.0,0061*5B
",5,1707601896.9999995
1707595374.0678797,42.33824047666667,-71.08650714166667,0.0,328114.97154595563,4689440.163619843,19,T,0.8,"$GNGGA,165138.00,4220.2944286,N,07105.1904285,W,5,18,0.8,23.357,M,-28.725,M,2.0,0061*52
",5,1707601897.9999995
1707595375.322603,42.33824042,-71.08650719666667,0.0,328114.9668605031,4689440.157438622,19,T,0.8,"$GNGGA,165139.00,4220.2944252,N,07105.1904318,W,5,18,0.8,23.374,M,-28.725,M,1.0,0061*5D
",5,1707601898.9999993
1707595376.57599,42.338240436666666,-71.086507275,0.0,328114.96045260027,4689440.159447677,19,T,0.8,"$GNGGA,165140.00,4220.2944262,N,07105.1904365,W,5,18,0.8,23.388,M,-28.725,M,2.0,0061*5A
",5,1707601899.9999993
1707595377.831349,42.338240473333336,-71.08650735166667,0.0,328114.9542364938,4689440.163674212,19,T,0.8,"$GNGGA,165141.00,4220.2944284,N,07105.1904411,W,5,18,0.8,23.404,M,-28.725,M,1.0,0061*57
",5,1707601900.9999993
1707595379.086039,42.33824046,-71.08650744166667,0.0,328114.9467857183,4689440.162375579,19,T,0.8,"$GNGGA,165142.00,4220.2944276,N,07105.1904465,W,5,18,0.8,23.418,M,-28.725,M,1.0,0061*57
",5,1707601901.9999993
1707595380.3406243,42.33824048,-71.08650748666666,0.0,328114.94313298754,4689440.164687394,19,T,0.8,"$GNGGA,165143.00,4220.2944288,N,07105.1904492,W,5,18,0.8,23.418,M,-28.725,M,1.0,0061*5F
",5,1707601902.9999995
1707595381.595566,42.33824043833334,-71.086507525,0.0,328114.9398614536,4689440.160138118,19,T,0.8,"$GNGGA,165144.00,4220.2944263,N,07105.1904515,W,5,18,0.8,23.421,M,-28.725,M,1.0,0061*59
",5,1707601903.999999
1707595382.851383,42.338240406666664,-71.08650760666667,0.0,328114.93304724596,4689440.156786861,19,T,0.8,"$GNGGA,165145.00,4220.2944244,N,07105.1904564,W,5,18,0.8,23.417,M,-28.725,M,2.0,0061*5D
",5,1707601904.9999993
1707595384.1064095,42.33824038666667,-72.75317426666666,0.0,685092.5806249265,4689776.697643101,18,T,0.8,"$GNGGA,165146.00,4220.2944232,N,07105.1904560,W,5,18,0.8,23.414,M,-28.725,M,1.0,0061*5B
",5,1707601905.9999995
1707595385.3620899,42.33824031166667,-71.08650757333334,0.0,328114.93553448986,4689440.146170454,19,T,0.8,"$GNGGA,165147.00,4220.2944187,N,07105.1904544,W,5,18,0.8,23.405,M,-28.725,M,1.0,0061*51
",5,1707601906.9999995
1707595386.6160984,42.338240221666666,-71.08650757166667,0.0,328114.9354265699,4689440.13617327,19,T,0.8,"$GNGGA,165148.00,4220.2944133,N,07105.1904543,W,5,18,0.8,23.393,M,-28.725,M,2.0,0061*5D
",5,1707601907.999999
1707595387.8720427,42.33824018666667,-71.08650757166667,0.0,328114.9353312049,4689440.132286786,19,T,0.8,"$GNGGA,165149.00,4220.2944112,N,07105.1904543,W,5,18,0.8,23.390,M,-28.725,M,1.0,0061*5F
",5,1707601908.9999995
1707595389.1260262,42.338240111666664,-71.08650758,0.0,328114.9344403264,4689440.123975454,19,T,0.8,"$GNGGA,165150.00,4220.2944067,N,07105.1904548,W,5,18,0.8,23.380,M,-28.725,M,1.0,0061*5E
",5,1707601909.9999993
1707595390.3812742,42.33824006166667,-71.08650755166667,0.0,328114.93663827004,4689440.11836606,19,T,0.8,"$GNGGA,165151.00,4220.2944037,N,07105.1904531,W,5,18,0.8,23.370,M,-28.725,M,1.0,0061*5B
",5,1707601910.9999993
1707595391.635786,42.33824003,-71.08650754833333,0.0,328114.93682659575,4689440.11484298,19,T,0.8,"$GNGGA,165152.00,4220.2944018,N,07105.1904529,W,5,18,0.8,23.369,M,-28.725,M,1.0,0061*54
",5,1707601911.9999995
1707595392.8906586,42.33824003666667,-71.086507595,0.0,328114.9330002334,4689440.115677598,19,T,0.8,"$GNGGA,165153.00,4220.2944022,N,07105.1904557,W,5,18,0.8,23.362,M,-28.725,M,2.0,0061*5D
",5,1707601912.9999993
1707595394.14445,42.33824003666667,-71.08650760166667,0.0,328114.9324510146,4689440.115691075,19,T,0.8,"$GNGGA,165154.00,4220.2944022,N,07105.1904561,W,5,18,0.8,23.362,M,-28.725,M,1.0,0061*5C
",5,1707601913.999999
1707595395.3990273,42.338240041666666,-71.086507605,0.0,328114.9321900298,4689440.116253025,19,T,0.8,"$GNGGA,165155.00,4220.2944025,N,07105.1904563,W,5,18,0.8,23.357,M,-28.725,M,2.0,0061*5D
",5,1707601914.9999993
1707595396.653516,42.338240023333334,-71.08650758833333,0.0,328114.9335131226,4689440.114183556,19,T,0.8,"$GNGGA,165156.00,4220.2944014,N,07105.1904553,W,5,18,0.8,23.343,M,-28.725,M,1.0,0061*59
",5,1707601915.9999995
1707595397.9091318,45.67157326666667,-71.086507565,0.0,337484.4651752375,5059675.341607637,19,T,0.8,"$GNGGA,165157.00,4220.2943960,N,07105.1904539,W,5,18,0.8,23.337,M,-28.725,M,1.0,0061*5A
",5,1707601916.999999
1707595399.163723,42.338239925,-71.086507605,0.0,328114.9318721466,4689440.103298081,19,T,0.8,"$GNGGA,165158.00,4220.2943955,N,07105.1904563,W,5,18,0.8,23.330,M,-28.725,M,1.0,0061*5B
",5,1707601917.9999995
1707595400.418763,42.33823990333333,-71.086507635,0.0,328114.92934162775,4689440.100952806,19,T,0.8,"$GNGGA,165159.00,4220.2943942,N,07105.1904581,W,5,18,0.8,23.325,M,-28.725,M,1.0,0061*54
",5,1707601918.9999995
1707595401.6727967,42.33823988,-71.086507645,0.0,328114.928454224,4689440.0983820325,19,T,0.8,"$GNGGA,165200.00,4220.2943928,N,07105.1904587,W,5,18,0.8,23.329,M,-28.725,M,1.0,0061*5D
",5,1707601919.9999993
1707595402.9277523,42.338239905,-71.08650764333333,0.0,328114.928659646,4689440.101154723,19,T,0.8,"$GNGGA,165201.00,4220.2943943,N,07105.1904586,W,5,18,0.8,23.333,M,-28.725,M,2.0,0061*58
",5,1707601920.999999
1707595404.1813176,42.338239875,-71.08650757666666,0.0,328114.9340700902,4689440.097688686,19,T,0.8,"$GNGGA,165202.00,4220.2943925,N,07105.1904546,W,5,18,0.8,23.335,M,-28.725,M,1.0,0061*52
",5,1707601921.9999993
1707595405.4358284,42.33823987,-71.08650750666666,0.0,328114.93982325844,4689440.096991972,19,T,0.8,"$GNGGA,165203.00,4220.2943922,N,07105.1904504,W,5,18,0.8,23.331,M,-28.725,M,2.0,0061*55
",5,1707601922.9999993
1707595406.6923015,42.338239845,-71.08650748166667,0.0,328114.9418147073,4689440.0941653745,19,T,0.8,"$GNGGA,165204.00,4220.2943907,N,07105.1904489,W,5,18,0.8,23.336,M,-28.725,M,1.0,0061*55
",5,1707601923.9999993
1707595407.9460416,42.33823981333333,-72.75317413333333,0.0,685092.5932917381,4689776.634268433,18,T,0.8,"$GNGGA,165205.00,4220.2943888,N,07105.1904480,W,5,18,0.8,23.328,M,-28.725,M,2.0,0061*57
",5,1707601924.9999995
1707595409.2003622,42.33823972333333,-71.08650742166667,0.0,328114.9464261674,4689440.080533929,19,T,0.8,"$GNGGA,165206.00,4220.2943834,N,07105.1904453,W,5,18,0.8,23.323,M,-28.725,M,1.0,0061*55
",5,1707601925.9999995
1707595410.4568617,42.338239613333336,-71.08650737833334,0.0,328114.94969636784,4689440.068231671,19,T,0.8,"$GNGGA,165207.00,4220.2943768,N,07105.1904427,W,5,18,0.8,23.320,M,-28.725,M,1.0,0061*52
",5,1707601926.9999993
1707595411.7120943,42.33823947166667,-71.08650728166667,0.0,328114.9572740317,4689440.052305258,19,T,0.8,"$GNGGA,165208.00,4220.2943683,N,07105.1904369,W,5,18,0.8,23.312,M,-28.725,M,2.0,0061*56
",5,1707601927.9999995
1707595412.9703007,42.33823940333333,-71.08650721,0.0,328114.96299194323,4689440.044572489,19,T,0.8,"$GNGGA,165209.00,4220.2943642,N,07105.1904326,W,5,18,0.8,23.307,M,-28.725,M,1.0,0061*56
",5,1707601928.9999993
1707595414.2260895,42.33823934,-71.08650714,0.0,328114.96858616994,4689440.037398302,19,T,0.8,"$GNGGA,165210.00,4220.2943604,N,07105.1904284,W,5,18,0.8,23.301,M,-28.725,M,1.0,0061*53
",5,1707601929.9999993
1707595415.481325,45.67157265,-71.08650710166667,0.0,337484.4994778256,5059675.272156178,19,T,0.8,"$GNGGA,165211.00,4220.2943590,N,07105.1904261,W,5,18,0.8,23.288,M,-28.725,M,2.0,0061*54
",5,1707601930.9999993
1707595416.7372122,42.338239275,-71.08650708833333,0.0,328114.9726655055,4689440.030076105,19,T,0.8,"$GNGGA,165212.00,4220.2943565,N,07105.1904253,W,5,18,0.8,23.284,M,-28.725,M,1.0,0061*53
",5,1707601931.9999993
1707595417.9927096,42.338239215,-71.086507065,0.0,328114.9744242874,4689440.023366394,19,T,0.8,"$GNGGA,165213.00,4220.2943529,N,07105.1904239,W,5,18,0.8,23.275,M,-28.725,M,1.0,0061*58
",5,1707601932.9999995
1707595419.2498987,42.33823917,-71.08650705333334,0.0,328114.9752628066,4689440.018345904,19,T,0.8,"$GNGGA,165214.00,4220.2943502,N,07105.1904232,W,5,18,0.8,23.263,M,-28.725,M,2.0,0061*59
",5,1707601933.9999993
1707595420.5066674,42.33823912,-71.086507085,0.0,328114.97251778544,4689440.012857796,19,T,0.8,"$GNGGA,165215.00,4220.2943472,N,07105.1904251,W,5,18,0.8,23.262,M,-28.725,M,1.0,0061*59
",5,1707601934.9999993
1707595421.7622936,42.338239103333336,-71.08650705666666,0.0,328114.9748065508,4689440.010949817,19,T,0.8,"$GNGGA,165216.00,4220.2943462,N,07105.1904234,W,5,18,0.8,23.259,M,-28.725,M,1.0,0061*50
",5,1707601935.9999995
1707595423.0180733,42.33823903166667,-72.75317371666667,0.0,685092.6299118763,4689776.548376513,18,T,0.8,"$GNGGA,165217.00,4220.2943419,N,07105.1904230,W,5,18,0.8,23.258,M,-28.725,M,1.0,0061*58
",5,1707601936.9999993
1707595424.2736723,42.338238993333334,-71.08650706,0.0,328114.97423222405,4689439.998741892,19,T,0.8,"$GNGGA,165218.00,4220.2943396,N,07105.1904236,W,5,18,0.8,23.253,M,-28.725,M,1.0,0061*5A
",5,1707601937.9999995
1707595425.5291626,42.33823899666667,-71.08650709,0.0,328114.971769823,4689439.999172677,19,T,0.8,"$GNGGA,165219.00,4220.2943398,N,07105.1904254,W,5,18,0.8,23.247,M,-28.725,M,1.0,0061*54
",5,1707601938.999999
1707595426.7827148,42.33823897833334,-71.086507105,0.0,328114.9704841282,4689439.997167224,19,T,0.8,"$GNGGA,165220.00,4220.2943387,N,07105.1904263,W,5,18,0.8,23.243,M,-28.725,M,1.0,0061*50
",5,1707601939.9999993
1707595428.0392804,42.338238958333335,-71.08650715333333,0.0,328114.96644780046,4689439.99504408,19,T,0.8,"$GNGGA,165221.00,4220.2943375,N,07105.1904292,W,5,18,0.8,23.246,M,-28.725,M,1.0,0061*57
",5,1707601940.999999
1707595429.2949655,42.338238956666665,-72.75317388333333,0.0,685092.6164013536,4689776.539685422,18,T,0.8,"$GNGGA,165222.00,4220.2943374,N,07105.1904330,W,5,18,0.8,23.248,M,-28.725,M,1.0,0061*52
",5,1707601941.9999995
1707595430.5492313,45.67157228333333,-71.086507225,0.0,337484.488809974,5059675.231670301,19,T,0.8,"$GNGGA,165223.00,4220.2943370,N,07105.1904335,W,5,18,0.8,23.253,M,-28.725,M,1.0,0061*58
",5,1707601942.9999995
1707595431.8035576,42.33823893,-71.08650722333333,0.0,328114.9606038084,4689439.992039383,19,T,0.8,"$GNGGA,165224.00,4220.2943358,N,07105.1904334,W,5,18,0.8,23.254,M,-28.725,M,2.0,0061*50
",5,1707601943.9999993
1707595433.0597646,45.671572233333336,-71.08650718833333,0.0,337484.49152109475,5059675.226040932,19,T,0.8,"$GNGGA,165225.00,4220.2943340,N,07105.1904313,W,5,18,0.8,23.255,M,-28.725,M,1.0,0061*5F
",5,1707601944.9999995
1707595434.3169014,42.338238868333335,-71.08650714833334,0.0,328114.96661448886,4689439.985040158,19,T,0.8,"$GNGGA,165226.00,4220.2943321,N,07105.1904289,W,5,18,0.8,23.252,M,-28.725,M,2.0,0061*5D
",5,1707601945.9999995
1707595435.5724685,42.33823885333333,-71.086507165,0.0,328114.96520057437,4689439.983408213,19,T,0.8,"$GNGGA,165227.00,4220.2943312,N,07105.1904299,W,5,18,0.8,23.249,M,-28.725,M,1.0,0061*54
",5,1707601946.9999993
1707595436.8259866,42.33823884833333,-71.08650717666667,0.0,328114.9642258195,4689439.982876585,19,T,0.8,"$GNGGA,165228.00,4220.2943309,N,07105.1904306,W,5,18,0.8,23.242,M,-28.725,M,2.0,0061*5E
",5,1707601947.9999995
1707595438.0804873,42.338238885,-71.08650724,0.0,328114.95910815045,4689439.987076166,19,T,0.8,"$GNGGA,165229.00,4220.2943331,N,07105.1904344,W,5,18,0.8,23.238,M,-28.725,M,1.0,0061*5C
",5,1707601948.999999
1707595439.3341238,42.338238948333334,-71.08650729666667,0.0,328114.9546123591,4689439.994223402,19,T,0.8,"$GNGGA,165230.00,4220.2943369,N,07105.1904378,W,5,18,0.8,23.235,M,-28.725,M,2.0,0061*58
",5,1707601949.9999995
1707595440.5885134,42.33823896,-71.08650732333334,0.0,328114.95244727447,4689439.995572801,19,T,0.8,"$GNGGA,165231.00,4220.2943376,N,07105.1904394,W,5,18,0.8,23.230,M,-28.725,M,1.0,0061*53
",5,1707601950.9999995
1707595441.8431137,42.33823899,-71.08650732833334,0.0,328114.95211710123,4689439.99891418,19,T,0.8,"$GNGGA,165232.00,4220.2943394,N,07105.1904397,W,5,18,0.8,23.226,M,-28.725,M,1.0,0061*58
",5,1707601951.9999993
1707595443.0971253,42.33823900833333,-71.08650733166667,0.0,328114.9518924459,4689440.0009566955,19,T,0.8,"$GNGGA,165233.00,4220.2943405,N,07105.1904399,W,5,18,0.8,23.223,M,-28.725,M,2.0,0061*5E
",5,1707601952.9999995
1707595444.3517094,42.338239013333336,-71.08650738,0.0,328114.94792423607,4689440.001609612,19,T,0.8,"$GNGGA,165234.00,4220.2943408,N,07105.1904428,W,5,18,0.8,23.219,M,-28.725,M,1.0,0061*53
",5,1707601953.9999993
1707595445.6072373,42.33823903166667,-71.08650742166667,0.0,328114.94454157434,4689440.003729617,19,T,0.8,"$GNGGA,165235.00,4220.2943419,N,07105.1904453,W,5,18,0.8,23.215,M,-28.725,M,1.0,0061*52
",5,1707601954.9999995
1707595446.862381,45.67157241666666,-71.08650749166667,0.0,337484.468425896,5059675.247024787,19,T,0.8,"$GNGGA,165236.00,4220.2943450,N,07105.1904495,W,5,18,0.8,23.210,M,-28.725,M,1.0,0061*53
",5,1707601955.9999993
1707595448.1187787,42.33823912166667,-71.086507555,0.0,328114.93380243145,4689440.013992961,19,T,0.8,"$GNGGA,165237.00,4220.2943473,N,07105.1904533,W,5,18,0.8,23.207,M,-28.725,M,1.0,0061*58
",5,1707601956.9999995
1707595449.3752387,42.338239145,-72.75317428333334,0.0,685092.5828952944,4689776.559727822,18,T,0.8,"$GNGGA,165238.00,4220.2943487,N,07105.1904570,W,5,18,0.8,23.209,M,-28.725,M,1.0,0061*55
",5,1707601957.9999993
1707595450.6316702,42.33823915166667,-71.08650766166667,0.0,328114.9250966767,4689440.017539857,19,T,0.8,"$GNGGA,165239.00,4220.2943491,N,07105.1904597,W,5,18,0.8,23.211,M,-28.725,M,1.0,0061*53
",5,1707601958.9999995
1707595451.8864436,42.338239195,-72.75317438333333,0.0,685092.5745102218,4689776.565062298,18,T,0.8,"$GNGGA,165240.00,4220.2943517,N,07105.1904630,W,5,18,0.8,23.211,M,-28.725,M,2.0,0061*5F
",5,1707601959.9999995
1707595453.142677,42.33823917833333,-71.08650774833333,0.0,328114.91802949796,4689440.020676182,19,T,0.8,"$GNGGA,165241.00,4220.2943507,N,07105.1904649,W,5,18,0.8,23.212,M,-28.725,M,1.0,0061*51
",5,1707601960.9999995
1707595454.3972058,42.33823920166667,-71.08650777,0.0,328114.9163081162,4689440.023310969,19,T,0.8,"$GNGGA,165242.00,4220.2943521,N,07105.1904662,W,5,18,0.8,23.212,M,-28.725,M,1.0,0061*5F
",5,1707601961.9999993
1707595455.6528533,45.67157256666667,-71.08650777166666,0.0,337484.447051568,5059675.264257985,19,T,0.8,"$GNGGA,165243.00,4220.2943540,N,07105.1904663,W,5,18,0.8,23.209,M,-28.725,M,2.0,0061*51
",5,1707601962.9999993
1707595456.9092655,42.338239205,-71.08650773,0.0,328114.9196125091,4689440.02360025,19,T,0.8,"$GNGGA,165244.00,4220.2943523,N,07105.1904638,W,5,18,0.8,23.206,M,-28.725,M,1.0,0061*51
",5,1707601963.9999995
1707595458.1650617,42.338239181666665,-71.086507705,0.0,328114.92160850135,4689440.020958724,19,T,0.8,"$GNGGA,165245.00,4220.2943509,N,07105.1904623,W,5,18,0.8,23.199,M,-28.725,M,2.0,0061*54
",5,1707601964.9999995
1707595459.420803,42.338239146666666,-71.08650767,0.0,328114.9243965323,4689440.017001491,19,T,0.8,"$GNGGA,165246.00,4220.2943488,N,07105.1904602,W,5,18,0.8,23.196,M,-28.725,M,1.0,0061*50
",5,1707601965.9999995
1707595460.6749916,42.33823914,-71.08650765833333,0.0,328114.9253395009,4689440.016237623,19,T,0.8,"$GNGGA,165247.00,4220.2943484,N,07105.1904595,W,5,18,0.8,23.192,M,-28.725,M,1.0,0061*54
",5,1707601966.9999995
1707595461.930133,42.33823913,-71.08650763833333,0.0,328114.926959908,4689440.015086769,19,T,0.8,"$GNGGA,165248.00,4220.2943478,N,07105.1904583,W,5,18,0.8,23.184,M,-28.725,M,2.0,0061*5B
",5,1707601967.9999993
1707595463.1852047,42.33823907666667,-71.08650758833333,0.0,328114.93093372765,4689440.009063436,19,T,0.8,"$GNGGA,165249.00,4220.2943446,N,07105.1904553,W,5,18,0.8,23.180,M,-28.725,M,1.0,0061*5D
",5,1707601968.9999993
1707595464.4386642,42.33823903166667,-71.08650758,0.0,328114.93149763637,4689440.004049684,19,T,0.8,"$GNGGA,165250.00,4220.2943419,N,07105.1904548,W,5,18,0.8,23.176,M,-28.725,M,2.0,0061*5F
",5,1707601969.9999993
1707595465.6921875,45.67157235,-71.08650758166667,0.0,337484.4612229422,5059675.239800891,19,T,0.8,"$GNGGA,165251.00,4220.2943410,N,07105.1904549,W,5,18,0.8,23.177,M,-28.725,M,1.0,0061*54
",5,1707601970.9999995
1707595466.9475923,42.33823897,-71.086507575,0.0,328114.93174152914,4689439.997191963,19,T,0.8,"$GNGGA,165252.00,4220.2943382,N,07105.1904545,W,5,18,0.8,23.181,M,-28.725,M,1.0,0061*5E
",5,1707601971.9999995
1707595468.20236,42.338238903333334,-71.08650749166667,0.0,328114.938425111,4689439.989620682,19,T,0.8,"$GNGGA,165253.00,4220.2943342,N,07105.1904495,W,5,18,0.8,23.183,M,-28.725,M,2.0,0061*5E
",5,1707601972.9999995
1707595469.4587462,42.33823883833333,-72.7531741,0.0,685092.5988988054,4689776.526073599,18,T,0.8,"$GNGGA,165254.00,4220.2943303,N,07105.1904460,W,5,18,0.8,23.186,M,-28.725,M,1.0,0061*50
",5,1707601973.9999995
1707595470.7141027,42.338238823333334,-71.08650741833333,0.0,328114.9442485342,4689439.98058905,19,T,0.8,"$GNGGA,165255.00,4220.2943294,N,07105.1904451,W,5,18,0.8,23.187,M,-28.725,M,1.0,0061*5D
",5,1707601974.9999993
1707595471.9683454,45.671572133333335,-71.08650741,0.0,337484.47396637395,5059675.215381015,19,T,0.8,"$GNGGA,165256.00,4220.2943280,N,07105.1904446,W,5,17,0.8,23.186,M,-28.725,M,1.0,0061*53
",5,1707601975.9999993
1707595473.2238498,45.67157211666667,-72.7531741,0.0,675002.4009188731,5060013.159921798,18,T,0.8,"$GNGGA,165257.00,4220.2943270,N,07105.1904460,W,5,18,0.8,23.185,M,-28.725,M,1.0,0061*55
",5,1707601976.9999995
1707595474.4804833,42.33823878,-71.08650748166667,0.0,328114.93891288806,4689439.975905239,19,T,0.8,"$GNGGA,165258.00,4220.2943268,N,07105.1904489,W,5,18,0.8,23.184,M,-28.725,M,2.0,0061*56
",5,1707601977.9999993
1707595475.737619,42.33823876833333,-72.75317418333333,0.0,685092.5922389091,4689776.5181191405,18,T,0.8,"$GNGGA,165259.00,4220.2943261,N,07105.1904510,W,5,18,0.8,23.187,M,-28.725,M,1.0,0061*5F
",5,1707601978.9999995
1707595476.9937558,42.33823877166667,-71.08650755833334,0.0,328114.93257417146,4689439.975134866,19,T,0.8,"$GNGGA,165300.00,4220.2943263,N,07105.1904535,W,5,18,0.8,23.188,M,-28.725,M,2.0,0061*5B
",5,1707601979.9999995
1707595478.2523203,42.338238778333334,-71.08650758166667,0.0,328114.9306700716,4689439.975922317,19,T,0.8,"$GNGGA,165301.00,4220.2943267,N,07105.1904549,W,5,18,0.8,23.189,M,-28.725,M,1.0,0061*57
",5,1707601980.9999995
1707595479.510403,42.33823879166667,-71.08650762166667,0.0,328114.92741109256,4689439.977483741,19,T,0.8,"$GNGGA,165302.00,4220.2943275,N,07105.1904573,W,5,18,0.8,23.189,M,-28.725,M,1.0,0061*5E
",5,1707601981.9999993
1707595480.7667298,42.338238796666666,-71.08650766,0.0,328114.9242667119,4689439.9781164415,19,T,0.8,"$GNGGA,165303.00,4220.2943278,N,07105.1904596,W,5,18,0.8,23.187,M,-28.725,M,1.0,0061*57
",5,1707601982.9999993
1707595482.0232391,42.33823879,-71.08650773166667,0.0,328114.91834444687,4689439.977521032,19,T,0.8,"$GNGGA,165304.00,4220.2943274,N,07105.1904639,W,5,18,0.8,23.184,M,-28.725,M,2.0,0061*5A
",5,1707601983.9999993
1707595483.281155,42.338238798333336,-71.08650775833334,0.0,328114.91617027984,4689439.978500292,19,T,0.8,"$GNGGA,165305.00,4220.2943279,N,07105.1904655,W,5,18,0.8,23.181,M,-28.725,M,1.0,0061*5A
",5,1707601984.9999993
1707595484.5347183,45.67157211666667,-71.08650782666666,0.0,337484.4414647741,5059675.214375165,19,T,0.8,"$GNGGA,165306.00,4220.2943270,N,07105.1904696,W,5,18,0.8,23.182,M,-28.725,M,2.0,0061*5F
",5,1707601985.9999995
1707595485.7883248,42.33823878166667,-71.08650786333334,0.0,328114.90747467795,4689439.976861839,19,T,0.8,"$GNGGA,165307.00,4220.2943269,N,07105.1904718,W,5,18,0.8,23.179,M,-28.725,M,1.0,0061*56
",5,1707601986.999999
1707595487.041197,42.33823876333334,-71.086507875,0.0,328114.9064635957,4689439.974849648,19,T,0.8,"$GNGGA,165308.00,4220.2943258,N,07105.1904725,W,5,18,0.8,23.172,M,-28.725,M,2.0,0061*5D
",5,1707601987.9999993
1707595488.2955248,42.33823877,-71.086507885,0.0,328114.90565793123,4689439.9756101435,19,T,0.8,"$GNGGA,165309.00,4220.2943262,N,07105.1904731,W,5,18,0.8,23.170,M,-28.725,M,1.0,0061*51
",5,1707601988.9999995
1707595489.5503592,42.33823878166667,-72.75317456666667,0.0,685092.5606194129,4689776.518765215,18,T,0.8,"$GNGGA,165310.00,4220.2943269,N,07105.1904740,W,5,18,0.8,23.170,M,-28.725,M,1.0,0061*54
",5,1707601989.9999995
1707595490.8064182,42.338238765,-71.08650789,0.0,328114.90523239516,4689439.9750650395,19,T,0.8,"$GNGGA,165311.00,4220.2943259,N,07105.1904734,W,5,18,0.8,23.170,M,-28.725,M,1.0,0061*55
",5,1707601990.9999993
1707595492.059636,42.33823874,-71.08650787833334,0.0,328114.9061254065,4689439.972265396,19,T,0.8,"$GNGGA,165312.00,4220.2943244,N,07105.1904727,W,5,18,0.8,23.174,M,-28.725,M,1.0,0061*5C
",5,1707601991.9999993
1707595493.3137612,42.33823872833333,-71.08650788,0.0,328114.90595631406,4689439.97097327,19,T,0.8,"$GNGGA,165313.00,4220.2943237,N,07105.1904728,W,5,18,0.8,23.179,M,-28.725,M,2.0,0061*58
",5,1707601992.9999993
1707595494.5681431,42.338238718333336,-71.08650790666667,0.0,328114.90373219387,4689439.9699167535,19,T,0.8,"$GNGGA,165314.00,4220.2943231,N,07105.1904744,W,5,18,0.8,23.183,M,-28.725,M,1.0,0061*55
",5,1707601993.9999995
1707595495.8205235,42.33823871333333,-71.08650791833334,0.0,328114.90275743906,4689439.969385125,19,T,0.8,"$GNGGA,165315.00,4220.2943228,N,07105.1904751,W,5,18,0.8,23.184,M,-28.725,M,2.0,0061*5C
",5,1707601994.9999998
1707595497.0736575,42.338238708333336,-71.086507915,0.0,328114.9030184238,4689439.968823175,19,T,0.8,"$GNGGA,165316.00,4220.2943225,N,07105.1904749,W,5,18,0.8,23.184,M,-28.725,M,1.0,0061*58
",5,1707601995.9999993
1707595498.3269846,42.338238735,-71.08650794666667,0.0,328114.9004822952,4689439.971848318,19,T,0.8,"$GNGGA,165317.00,4220.2943241,N,07105.1904768,W,5,18,0.8,23.182,M,-28.725,M,1.0,0061*5E
",5,1707601996.9999993
1707595499.5812259,42.33823874666667,-71.08650800166667,0.0,328114.8959830334,4689439.9732549945,19,T,0.8,"$GNGGA,165318.00,4220.2943248,N,07105.1904801,W,5,18,0.8,23.178,M,-28.725,M,2.0,0061*5E
",5,1707601997.9999993
1707595500.8353198,42.338238725,-71.08650801833333,0.0,328114.894550952,4689439.970882767,19,T,0.8,"$GNGGA,165319.00,4220.2943235,N,07105.1904811,W,5,18,0.8,23.176,M,-28.725,M,1.0,0061*59
",5,1707601998.9999993
1707595502.0889359,42.338238705,-71.08650804,0.0,328114.89271149936,4689439.968705718,19,T,0.8,"$GNGGA,165320.00,4220.2943223,N,07105.1904824,W,5,18,0.8,23.169,M,-28.725,M,2.0,0061*5F
",5,1707601999.999999
1707595503.3421984,42.338238671666666,-71.08650804333334,0.0,328114.89234606305,4689439.965011044,19,T,0.8,"$GNGGA,165321.00,4220.2943203,N,07105.1904826,W,5,18,0.8,23.170,M,-28.725,M,1.0,0061*55
",5,1707602000.9999993
1707595504.5955656,42.338238653333335,-71.086508055,0.0,328114.8913349807,4689439.962998851,19,T,0.8,"$GNGGA,165322.00,4220.2943192,N,07105.1904833,W,5,18,0.8,23.172,M,-28.725,M,1.0,0061*5B
",5,1707602001.999999
1707595505.848314,42.33823867,-72.75317475,0.0,685092.5458434217,4689776.505966247,18,T,0.8,"$GNGGA,165323.00,4220.2943202,N,07105.1904850,W,5,18,0.8,23.171,M,-28.725,M,2.0,0061*55
",5,1707602002.9999993
1707595507.1013396,42.338238698333335,-71.08650810166667,0.0,328114.88761306356,4689439.968090093,19,T,0.8,"$GNGGA,165324.00,4220.2943219,N,07105.1904861,W,5,18,0.8,23.174,M,-28.725,M,1.0,0061*5C
",5,1707602003.999999
1707595508.3544428,42.338238696666664,-71.08650811166666,0.0,328114.8867846952,4689439.967925237,19,T,0.8,"$GNGGA,165325.00,4220.2943218,N,07105.1904867,W,5,18,0.8,23.179,M,-28.725,M,1.0,0061*57
",5,1707602004.9999993
1707595509.6086533,42.33823874,-71.08650817,0.0,328114.8820971055,4689439.972854993,19,T,0.8,"$GNGGA,165326.00,4220.2943244,N,07105.1904902,W,5,18,0.8,23.180,M,-28.725,M,2.0,0061*5A
",5,1707602005.9999993
1707595510.8642368,42.338238761666666,-71.086508205,0.0,328114.8792727429,4689439.975331663,19,T,0.8,"$GNGGA,165327.00,4220.2943257,N,07105.1904923,W,5,18,0.8,23.179,M,-28.725,M,1.0,0061*5F
",5,1707602006.999999
1707595512.1188564,42.338238761666666,-71.08650823666666,0.0,328114.8766639574,4689439.975395676,19,T,0.8,"$GNGGA,165328.00,4220.2943257,N,07105.1904942,W,5,18,0.8,23.175,M,-28.725,M,2.0,0061*58
",5,1707602007.999999
1707595513.3744166,42.33823874833333,-71.08650826166667,0.0,328114.8745680569,4689439.973965649,19,T,0.8,"$GNGGA,165329.00,4220.2943249,N,07105.1904957,W,5,18,0.8,23.175,M,-28.725,M,1.0,0061*51
",5,1707602008.9999993
1707595514.6289992,42.338238761666666,-71.08650830166667,0.0,328114.871309078,4689439.975527072,19,T,0.8,"$GNGGA,165330.00,4220.2943257,N,07105.1904981,W,5,18,0.8,23.174,M,-28.725,M,1.0,0061*5C
",5,1707602009.9999995
1707595515.8847182,42.33823877166667,-72.75317498333334,0.0,685092.5263222668,4689776.516747708,18,T,0.8,"$GNGGA,165331.00,4220.2943263,N,07105.1904990,W,5,18,0.8,23.175,M,-28.725,M,1.0,0061*5B
",5,1707602010.999999
1707595517.1383862,42.33823877166667,-71.08650832,0.0,328114.8698259751,4689439.976674557,19,T,0.8,"$GNGGA,165332.00,4220.2943263,N,07105.1904992,W,5,18,0.8,23.176,M,-28.725,M,1.0,0061*59
",5,1707602011.9999993
1707595518.3933473,42.338238911666664,-71.086507995,0.0,328114.8969818278,4689439.99156351,19,T,0.8,"$GNGGA,165333.00,4220.2943347,N,07105.1904797,W,4,18,0.8,23.220,M,-28.725,M,2.0,0061*56
",4,1707602012.9999993
1707595519.6484523,42.338238911666664,-71.08650799333333,0.0,328114.8971191341,4689439.991560142,19,T,0.8,"$GNGGA,165334.00,4220.2943347,N,07105.1904796,W,4,18,0.8,23.220,M,-28.725,M,1.0,0061*53
",4,1707602013.9999995
1707595520.9028764,42.338238911666664,-71.08650799333333,0.0,328114.8971191341,4689439.991560142,19,T,0.8,"$GNGGA,165335.00,4220.2943347,N,07105.1904796,W,4,18,0.8,23.220,M,-28.725,M,1.0,0061*52
",4,1707602014.999999
1707595522.1586223,42.338238911666664,-71.08650799333333,0.0,328114.8971191341,4689439.991560142,19,T,0.8,"$GNGGA,165336.00,4220.2943347,N,07105.1904796,W,4,18,0.8,23.220,M,-28.725,M,1.0,0061*51
",4,1707602015.9999995
1707595523.4138944,42.338238911666664,-71.08650799333333,0.0,328114.8971191341,4689439.991560142,19,T,0.8,"$GNGGA,165337.00,4220.2943347,N,07105.1904796,W,4,18,0.8,23.220,M,-28.725,M,1.0,0061*50
",4,1707602016.9999995
1707595524.670542,42.338238911666664,-71.08650799333333,0.0,328114.8971191341,4689439.991560142,19,T,0.8,"$GNGGA,165338.00,4220.2943347,N,07105.1904796,W,4,18,0.8,23.220,M,-28.725,M,2.0,0061*5C
",4,1707602017.999999
1707595525.9266374,42.338238911666664,-71.08650799333333,0.0,328114.8971191341,4689439.991560142,19,T,0.8,"$GNGGA,165339.00,4220.2943347,N,07105.1904796,W,4,18,0.8,23.220,M,-28.725,M,1.0,0061*5E
",4,1707602018.9999993
1707595527.180491,42.338238911666664,-71.08650799333333,0.0,328114.8971191341,4689439.991560142,19,T,0.8,"$GNGGA,165340.00,4220.2943347,N,07105.1904796,W,4,18,0.8,23.220,M,-28.725,M,2.0,0061*53
",4,1707602019.9999993
1707595528.4358284,42.338238911666664,-71.08650799333333,0.0,328114.8971191341,4689439.991560142,19,T,0.8,"$GNGGA,165341.00,4220.2943347,N,07105.1904796,W,4,18,0.8,23.220,M,-28.725,M,1.0,0061*51
",4,1707602020.9999995
1707595529.6912007,42.338238911666664,-71.08650799333333,0.0,328114.8971191341,4689439.991560142,19,T,0.8,"$GNGGA,165342.00,4220.2943347,N,07105.1904796,W,4,18,0.8,23.220,M,-28.725,M,1.0,0061*52
",4,1707602021.9999995
1707595530.9466326,42.338238911666664,-71.086507995,0.0,328114.8969818278,4689439.99156351,19,T,0.8,"$GNGGA,165343.00,4220.2943347,N,07105.1904797,W,4,18,0.8,23.220,M,-28.725,M,1.0,0061*52
",4,1707602022.9999993
1707595532.2005606,42.338238911666664,-71.086507995,0.0,328114.8969818278,4689439.99156351,19,T,0.8,"$GNGGA,165344.00,4220.2943347,N,07105.1904797,W,4,18,0.8,23.220,M,-28.725,M,1.0,0061*55
",4,1707602023.9999995
1707595533.4558837,42.33823891,-71.086507995,0.0,328114.89697728655,4689439.99137844,19,T,0.8,"$GNGGA,165345.00,4220.2943346,N,07105.1904797,W,4,18,0.8,23.220,M,-28.725,M,2.0,0061*56
",4,1707602024.999999
1707595534.7106907,42.33823891,-71.086507995,0.0,328114.89697728655,4689439.99137844,19,T,0.8,"$GNGGA,165346.00,4220.2943346,N,07105.1904797,W,4,18,0.8,23.220,M,-28.725,M,1.0,0061*56
",4,1707602025.9999993
1707595535.9659338,42.33823891,-71.086507995,0.0,328114.89697728655,4689439.99137844,19,T,0.8,"$GNGGA,165347.00,4220.2943346,N,07105.1904797,W,4,18,0.8,23.220,M,-28.725,M,1.0,0061*57
",4,1707602026.9999995
1707595537.2195215,42.33823891,-71.086507995,0.0,328114.89697728655,4689439.99137844,19,T,0.8,"$GNGGA,165348.00,4220.2943346,N,07105.1904797,W,4,18,0.8,23.220,M,-28.725,M,2.0,0061*5B
",4,1707602027.9999995
1707595538.4749799,42.33823891,-71.086507995,0.0,328114.89697728655,4689439.99137844,19,T,0.8,"$GNGGA,165349.00,4220.2943346,N,07105.1904797,W,4,18,0.8,23.220,M,-28.725,M,1.0,0061*59
",4,1707602028.9999995
1707595539.7311544,42.33823891,-71.086507995,0.0,328114.89697728655,4689439.99137844,19,T,0.8,"$GNGGA,165350.00,4220.2943346,N,07105.1904797,W,4,18,0.8,23.220,M,-28.725,M,1.0,0061*51
",4,1707602029.9999995
1707595540.9868221,42.33823891,-71.086507995,0.0,328114.89697728655,4689439.99137844,19,T,0.8,"$GNGGA,165351.00,4220.2943346,N,07105.1904797,W,4,18,0.8,23.220,M,-28.725,M,1.0,0061*50
",4,1707602030.9999993
1707595542.2430038,42.33823891,-71.086507995,0.0,328114.89697728655,4689439.99137844,19,T,0.8,"$GNGGA,165352.00,4220.2943346,N,07105.1904797,W,4,18,0.8,23.220,M,-28.725,M,1.0,0061*53
",4,1707602031.999999
1707595543.4985266,42.33823891,-71.086507995,0.0,328114.89697728655,4689439.99137844,19,T,0.8,"$GNGGA,165353.00,4220.2943346,N,07105.1904797,W,4,18,0.8,23.220,M,-28.725,M,1.0,0061*52
",4,1707602032.9999993
1707595544.7533648,42.33823891,-71.086507995,0.0,328114.89697728655,4689439.99137844,19,T,0.8,"$GNGGA,165354.00,4220.2943346,N,07105.1904797,W,4,18,0.8,23.220,M,-28.725,M,1.0,0061*55
",4,1707602033.999999
1707595546.0097823,42.33823891,-71.086507995,0.0,328114.89697728655,4689439.99137844,19,T,0.8,"$GNGGA,165355.00,4220.2943346,N,07105.1904797,W,4,18,0.8,23.220,M,-28.725,M,1.0,0061*54
",4,1707602034.9999993
1707595547.2652836,42.33823891,-71.086507995,0.0,328114.89697728655,4689439.99137844,19,T,0.8,"$GNGGA,165356.00,4220.2943346,N,07105.1904797,W,4,18,0.8,23.220,M,-28.725,M,1.0,0061*57
",4,1707602035.9999995
1707595548.519963,42.33823891,-71.086507995,0.0,328114.89697728655,4689439.99137844,19,T,0.8,"$GNGGA,165357.00,4220.2943346,N,07105.1904797,W,4,18,0.8,23.220,M,-28.725,M,1.0,0061*56
",4,1707602036.999999
1707595549.7754264,42.33823890833333,-71.08650799666667,0.0,328114.89683544124,4689439.991196738,19,T,0.8,"$GNGGA,165358.00,4220.2943345,N,07105.1904798,W,4,18,0.8,23.220,M,-28.725,M,1.0,0061*55
",4,1707602037.9999995
1707595551.0317268,42.33823890833333,-71.08650799666667,0.0,328114.89683544124,4689439.991196738,19,T,0.8,"$GNGGA,165359.00,4220.2943345,N,07105.1904798,W,4,18,0.8,23.220,M,-28.725,M,1.0,0061*54
",4,1707602038.9999993
1707595552.288053,42.33823890833333,-71.08650799666667,0.0,328114.89683544124,4689439.991196738,19,T,0.8,"$GNGGA,165400.00,4220.2943345,N,07105.1904798,W,4,18,0.8,23.220,M,-28.725,M,1.0,0061*5F
",4,1707602039.9999995
1707595553.543503,42.33823890833333,-71.08650799666667,0.0,328114.89683544124,4689439.991196738,19,T,0.8,"$GNGGA,165401.00,4220.2943345,N,07105.1904798,W,4,18,0.8,23.220,M,-28.725,M,1.0,0061*5E
",4,1707602040.999999
1707595554.7971532,42.33823890833333,-71.08650799666667,0.0,328114.89683544124,4689439.991196738,19,T,0.8,"$GNGGA,165402.00,4220.2943345,N,07105.1904798,W,4,18,0.8,23.220,M,-28.725,M,1.0,0061*5D
",4,1707602041.9999993
1707595556.0519958,42.33823890833333,-71.08650799666667,0.0,328114.89683544124,4689439.991196738,19,T,0.8,"$GNGGA,165403.00,4220.2943345,N,07105.1904798,W,4,18,0.8,23.220,M,-28.725,M,1.0,0061*5C
",4,1707602042.9999995
1707595557.3084455,42.33823890833333,-71.08650799666667,0.0,328114.89683544124,4689439.991196738,19,T,0.8,"$GNGGA,165404.00,4220.2943345,N,07105.1904798,W,4,18,0.8,23.220,M,-28.725,M,2.0,0061*58
",4,1707602043.9999993
1707595558.561916,42.33823890833333,-71.08650799666667,0.0,328114.89683544124,4689439.991196738,19,T,0.8,"$GNGGA,165405.00,4220.2943345,N,07105.1904798,W,4,18,0.8,23.220,M,-28.725,M,1.0,0061*5A
",4,1707602044.9999995
1707595559.817768,42.33823890833333,-71.08650799666667,0.0,328114.89683544124,4689439.991196738,19,T,0.8,"$GNGGA,165406.00,4220.2943345,N,07105.1904798,W,4,18,0.8,23.220,M,-28.725,M,1.0,0061*59
",4,1707602045.9999993
1707595561.072341,42.33823890666667,-71.08650799666667,0.0,328114.8968309,4689439.991011669,19,T,0.8,"$GNGGA,165407.00,4220.2943344,N,07105.1904798,W,4,18,0.8,23.220,M,-28.725,M,1.0,0061*59
",4,1707602046.9999995
1707595562.3294322,42.33823890666667,-71.08650799666667,0.0,328114.8968309,4689439.991011669,19,T,0.8,"$GNGGA,165408.00,4220.2943344,N,07105.1904798,W,4,18,0.8,23.220,M,-28.725,M,1.0,0061*56
",4,1707602047.9999993
1707595563.5857527,42.33823890666667,-71.08650799666667,0.0,328114.8968309,4689439.991011669,19,T,0.8,"$GNGGA,165409.00,4220.2943344,N,07105.1904798,W,4,18,0.8,23.220,M,-28.725,M,2.0,0061*54
",4,1707602048.9999993
1707595564.8402572,42.33823890666667,-71.08650799666667,0.0,328114.8968309,4689439.991011669,19,T,0.8,"$GNGGA,165410.00,4220.2943344,N,07105.1904798,W,4,18,0.8,23.220,M,-28.725,M,1.0,0061*5F
",4,1707602049.9999995
1707595566.0971212,42.33823890666667,-71.08650799666667,0.0,328114.8968309,4689439.991011669,19,T,0.8,"$GNGGA,165411.00,4220.2943344,N,07105.1904798,W,4,18,0.8,23.220,M,-28.725,M,2.0,0061*5D
",4,1707602050.9999995
1707595567.3508227,42.33823890666667,-71.08650799666667,0.0,328114.8968309,4689439.991011669,19,T,0.8,"$GNGGA,165412.00,4220.2943344,N,07105.1904798,W,4,18,0.8,23.220,M,-28.725,M,1.0,0061*5D
",4,1707602051.9999995
1707595568.6056664,42.33823890666667,-71.08650799666667,0.0,328114.8968309,4689439.991011669,19,T,0.8,"$GNGGA,165413.00,4220.2943344,N,07105.1904798,W,4,18,0.8,23.220,M,-28.725,M,2.0,0061*5F
",4,1707602052.9999993
1707595569.8619592,42.33823890666667,-71.08650799666667,0.0,328114.8968309,4689439.991011669,19,T,0.8,"$GNGGA,165414.00,4220.2943344,N,07105.1904798,W,4,18,0.8,23.220,M,-28.725,M,1.0,0061*5B
",4,1707602053.9999995
1707595571.1183968,42.33823890666667,-71.08650799666667,0.0,328114.8968309,4689439.991011669,19,T,0.8,"$GNGGA,165415.00,4220.2943344,N,07105.1904798,W,4,18,0.8,23.220,M,-28.725,M,1.0,0061*5A
",4,1707602054.9999995
1707595572.3737092,42.338238905,-71.08650799666667,0.0,328114.89682635886,4689439.990826596,19,T,0.8,"$GNGGA,165416.00,4220.2943343,N,07105.1904798,W,4,18,0.8,23.220,M,-28.725,M,2.0,0061*5D
",4,1707602055.9999995
1707595573.6291885,42.338238905,-71.08650799666667,0.0,328114.89682635886,4689439.990826596,19,T,0.8,"$GNGGA,165417.00,4220.2943343,N,07105.1904798,W,4,18,0.8,23.220,M,-28.725,M,1.0,0061*5F
",4,1707602056.9999995
1707595574.8855374,42.338238905,-71.08650799666667,0.0,328114.89682635886,4689439.990826596,19,T,0.8,"$GNGGA,165418.00,4220.2943343,N,07105.1904798,W,4,18,0.8,23.220,M,-28.725,M,2.0,0061*53
",4,1707602057.9999995
1707595576.1413448,42.338238905,-71.08650799666667,0.0,328114.89682635886,4689439.990826596,19,T,0.8,"$GNGGA,165419.00,4220.2943343,N,07105.1904798,W,4,18,0.8,23.220,M,-28.725,M,1.0,0061*51
",4,1707602058.9999995
1707595577.3969345,42.338238905,-71.08650799666667,0.0,328114.89682635886,4689439.990826596,19,T,0.8,"$GNGGA,165420.00,4220.2943343,N,07105.1904798,W,4,18,0.8,23.220,M,-28.725,M,2.0,0061*58
",4,1707602059.999999
1707595578.6520786,42.338238905,-71.08650799666667,0.0,328114.89682635886,4689439.990826596,19,T,0.8,"$GNGGA,165421.00,4220.2943343,N,07105.1904798,W,4,18,0.8,23.220,M,-28.725,M,1.0,0061*5A
",4,1707602060.9999993
1707595579.9064927,42.338238905,-71.08650799666667,0.0,328114.89682635886,4689439.990826596,19,T,0.8,"$GNGGA,165422.00,4220.2943343,N,07105.1904798,W,4,18,0.8,23.220,M,-28.725,M,1.0,0061*59
",4,1707602061.9999995
1707595581.1614459,42.338238905,-71.08650799666667,0.0,328114.89682635886,4689439.990826596,19,T,0.8,"$GNGGA,165423.00,4220.2943343,N,07105.1904798,W,4,18,0.8,23.220,M,-28.725,M,1.0,0061*58
",4,1707602062.9999993
1707595582.4189248,42.338238905,-71.08650799666667,0.0,328114.89682635886,4689439.990826596,19,T,0.8,"$GNGGA,165424.00,4220.2943343,N,07105.1904798,W,4,18,0.8,23.220,M,-28.725,M,2.0,0061*5C
",4,1707602063.9999995
1707595583.6736212,42.338238905,-71.08650799666667,0.0,328114.89682635886,4689439.990826596,19,T,0.8,"$GNGGA,165425.00,4220.2943343,N,07105.1904798,W,4,18,0.8,23.220,M,-28.725,M,1.0,0061*5E
",4,1707602064.999999
1707595584.9291105,42.338238905,-71.08650799666667,0.0,328114.89682635886,4689439.990826596,19,T,0.8,"$GNGGA,165426.00,4220.2943343,N,07105.1904798,W,4,18,0.8,23.220,M,-28.725,M,2.0,0061*5E
",4,1707602065.9999995
1707595586.1840153,42.338238905,-71.08650799666667,0.0,328114.89682635886,4689439.990826596,19,T,0.8,"$GNGGA,165427.00,4220.2943343,N,07105.1904798,W,4,18,0.8,23.220,M,-28.725,M,1.0,0061*5C
",4,1707602066.9999995
1707595587.4409482,42.338238905,-71.08650799666667,0.0,328114.89682635886,4689439.990826596,19,T,0.8,"$GNGGA,165428.00,4220.2943343,N,07105.1904798,W,4,18,0.8,23.220,M,-28.725,M,2.0,0061*50
",4,1707602067.9999993
1707595588.6976023,42.338238905,-71.08650799666667,0.0,328114.89682635886,4689439.990826596,19,T,0.8,"$GNGGA,165429.00,4220.2943343,N,07105.1904798,W,4,18,0.8,23.220,M,-28.725,M,1.0,0061*52
",4,1707602068.9999993
1707595589.953381,42.338238903333334,-71.08650799666667,0.0,328114.8968218176,4689439.990641527,19,T,0.8,"$GNGGA,165430.00,4220.2943342,N,07105.1904798,W,4,18,0.8,23.220,M,-28.725,M,1.0,0061*5B
",4,1707602069.9999995
1707595591.2079089,42.338238903333334,-71.08650799666667,0.0,328114.8968218176,4689439.990641527,19,T,0.8,"$GNGGA,165431.00,4220.2943342,N,07105.1904798,W,4,18,0.8,23.220,M,-28.725,M,1.0,0061*5A
",4,1707602070.9999993
1707595592.4639657,42.338238903333334,-71.08650799666667,0.0,328114.8968218176,4689439.990641527,19,T,0.8,"$GNGGA,165432.00,4220.2943342,N,07105.1904798,W,4,18,0.8,23.220,M,-28.725,M,1.0,0061*59
",4,1707602071.9999993
1707595593.7209153,42.338238903333334,-71.08650799666667,0.0,328114.8968218176,4689439.990641527,19,T,0.8,"$GNGGA,165433.00,4220.2943342,N,07105.1904798,W,4,18,0.8,23.220,M,-28.725,M,2.0,0061*5B
",4,1707602072.9999995
1707595594.9753623,42.338238903333334,-71.08650799666667,0.0,328114.8968218176,4689439.990641527,19,T,0.8,"$GNGGA,165434.00,4220.2943342,N,07105.1904798,W,4,18,0.8,23.220,M,-28.725,M,1.0,0061*5F
",4,1707602073.9999995
1707595596.2311673,42.338238903333334,-71.08650799666667,0.0,328114.8968218176,4689439.990641527,19,T,0.8,"$GNGGA,165435.00,4220.2943342,N,07105.1904798,W,4,18,0.8,23.220,M,-28.725,M,1.0,0061*5E
",4,1707602074.9999993
1707595597.4865377,42.338238903333334,-71.08650799666667,0.0,328114.8968218176,4689439.990641527,19,T,0.8,"$GNGGA,165436.00,4220.2943342,N,07105.1904798,W,4,18,0.8,23.220,M,-28.725,M,1.0,0061*5D
",4,1707602075.9999993
1707595598.7440708,42.338238903333334,-71.08650799666667,0.0,328114.8968218176,4689439.990641527,19,T,0.8,"$GNGGA,165437.00,4220.2943342,N,07105.1904798,W,4,18,0.8,23.220,M,-28.725,M,1.0,0061*5C
",4,1707602076.999999
1707595599.999073,42.338238903333334,-71.08650799666667,0.0,328114.8968218176,4689439.990641527,19,T,0.8,"$GNGGA,165438.00,4220.2943342,N,07105.1904798,W,4,18,0.8,23.220,M,-28.725,M,1.0,0061*53
",4,1707602077.9999995
1707595601.2543817,42.338238903333334,-71.08650799666667,0.0,328114.8968218176,4689439.990641527,19,T,0.8,"$GNGGA,165439.00,4220.2943342,N,07105.1904798,W,4,18,0.8,23.220,M,-28.725,M,1.0,0061*52
",4,1707602078.9999993
1707595602.5094986,42.338238901666664,-71.08650799833333,0.0,328114.8966799723,4689439.990459826,19,T,0.8,"$GNGGA,165440.00,4220.2943341,N,07105.1904799,W,4,18,0.8,23.220,M,-28.725,M,1.0,0061*5E
",4,1707602079.9999993
1707595603.7659156,42.338238901666664,-71.08650799833333,0.0,328114.8966799723,4689439.990459826,19,T,0.8,"$GNGGA,165441.00,4220.2943341,N,07105.1904799,W,4,18,0.8,23.220,M,-28.725,M,1.0,0061*5F
",4,1707602080.999999
1707595605.022273,42.338238901666664,-71.08650799833333,0.0,328114.8966799723,4689439.990459826,19,T,0.8,"$GNGGA,165442.00,4220.2943341,N,07105.1904799,W,4,18,0.8,23.220,M,-28.725,M,1.0,0061*5C
",4,1707602081.9999993
1707595606.277645,42.338238901666664,-71.08650799833333,0.0,328114.8966799723,4689439.990459826,19,T,0.8,"$GNGGA,165443.00,4220.2943341,N,07105.1904799,W,4,18,0.8,23.220,M,-28.725,M,1.0,0061*5D
",4,1707602082.9999995
1707595607.533961,45.671572233333336,-71.08650799833333,0.0,337484.4284317995,5059675.227685162,19,T,0.8,"$GNGGA,165444.00,4220.2943340,N,07105.1904799,W,4,18,0.8,23.220,M,-28.725,M,1.0,0061*5B
",4,1707602083.9999993
1707595608.7902553,45.671572233333336,-71.08650799833333,0.0,337484.4284317995,5059675.227685162,19,T,0.8,"$GNGGA,165445.00,4220.2943340,N,07105.1904799,W,4,18,0.8,23.220,M,-28.725,M,2.0,0061*59
",4,1707602084.9999993
1707595610.046246,45.671572233333336,-71.08650799833333,0.0,337484.4284317995,5059675.227685162,19,T,0.8,"$GNGGA,165446.00,4220.2943340,N,07105.1904799,W,4,18,0.8,23.220,M,-28.725,M,1.0,0061*59
",4,1707602085.9999993
1707595611.3018115,45.671572233333336,-71.08650799833333,0.0,337484.4284317995,5059675.227685162,19,T,0.8,"$GNGGA,165447.00,4220.2943340,N,07105.1904799,W,4,18,0.8,23.220,M,-28.725,M,1.0,0061*58
",4,1707602086.9999993
1707595612.5577035,45.671572233333336,-71.08650799833333,0.0,337484.4284317995,5059675.227685162,19,T,0.8,"$GNGGA,165448.00,4220.2943340,N,07105.1904799,W,4,18,0.8,23.219,M,-28.725,M,1.0,0061*5D
",4,1707602087.9999993
1707595613.8134437,45.671572233333336,-71.08650799833333,0.0,337484.4284317995,5059675.227685162,19,T,0.8,"$GNGGA,165449.00,4220.2943340,N,07105.1904799,W,4,18,0.8,23.219,M,-28.725,M,2.0,0061*5F
",4,1707602088.999999
1707595615.06818,42.33823889833333,-71.08650799833333,0.0,328114.8966708899,4689439.990089683,19,T,0.8,"$GNGGA,165450.00,4220.2943339,N,07105.1904799,W,4,18,0.8,23.219,M,-28.725,M,1.0,0061*5A
",4,1707602089.9999993
1707595616.3254483,42.33823889833333,-71.08650799833333,0.0,328114.8966708899,4689439.990089683,19,T,0.8,"$GNGGA,165451.00,4220.2943339,N,07105.1904799,W,4,18,0.8,23.219,M,-28.725,M,2.0,0061*58
",4,1707602090.9999993
1707595617.5799193,42.33823889833333,-71.08650799833333,0.0,328114.8966708899,4689439.990089683,19,T,0.8,"$GNGGA,165452.00,4220.2943339,N,07105.1904799,W,4,18,0.8,23.219,M,-28.725,M,1.0,0061*58
",4,1707602091.9999995
1707595618.8363283,42.33823889833333,-71.08650799833333,0.0,328114.8966708899,4689439.990089683,19,T,0.8,"$GNGGA,165453.00,4220.2943339,N,07105.1904799,W,4,18,0.8,23.219,M,-28.725,M,1.0,0061*59
",4,1707602092.9999995
1707595620.0916903,42.33823889833333,-71.08650799833333,0.0,328114.8966708899,4689439.990089683,19,T,0.8,"$GNGGA,165454.00,4220.2943339,N,07105.1904799,W,4,18,0.8,23.219,M,-28.725,M,2.0,0061*5D
",4,1707602093.9999995
1707595621.347205,42.33823889666667,-71.08650799833333,0.0,328114.89666634874,4689439.989904612,19,T,0.8,"$GNGGA,165455.00,4220.2943338,N,07105.1904799,W,4,18,0.8,23.219,M,-28.725,M,1.0,0061*5E
",4,1707602094.9999995
1707595622.601503,42.33823889666667,-71.08650799833333,0.0,328114.89666634874,4689439.989904612,19,T,0.8,"$GNGGA,165456.00,4220.2943338,N,07105.1904799,W,4,18,0.8,23.219,M,-28.725,M,1.0,0061*5D
",4,1707602095.999999
1707595623.856836,42.33823889666667,-71.08650799833333,0.0,328114.89666634874,4689439.989904612,19,T,0.8,"$GNGGA,165457.00,4220.2943338,N,07105.1904799,W,4,18,0.8,23.219,M,-28.725,M,1.0,0061*5C
",4,1707602096.9999995
1707595625.111802,42.33823889666667,-71.08650799833333,0.0,328114.89666634874,4689439.989904612,19,T,0.8,"$GNGGA,165458.00,4220.2943338,N,07105.1904799,W,4,18,0.8,23.219,M,-28.725,M,1.0,0061*53
",4,1707602097.9999995
1707595626.366046,42.33823889666667,-71.08650799833333,0.0,328114.89666634874,4689439.989904612,19,T,0.8,"$GNGGA,165459.00,4220.2943338,N,07105.1904799,W,4,18,0.8,23.219,M,-28.725,M,1.0,0061*52
",4,1707602098.9999995
1707595627.6195407,42.33823889666667,-71.08650799833333,0.0,328114.89666634874,4689439.989904612,19,T,0.8,"$GNGGA,165500.00,4220.2943338,N,07105.1904799,W,4,18,0.8,23.220,M,-28.725,M,2.0,0061*56
",4,1707602099.9999995
1707595628.8753066,42.338238895,-71.08650799833333,0.0,328114.89666180755,4689439.989719544,19,T,0.8,"$GNGGA,165501.00,4220.2943337,N,07105.1904799,W,4,18,0.8,23.220,M,-28.725,M,1.0,0061*5B
",4,1707602100.9999993
1707595630.133413,42.338238895,-71.08650799833333,0.0,328114.89666180755,4689439.989719544,19,T,0.8,"$GNGGA,165502.00,4220.2943337,N,07105.1904799,W,4,18,0.8,23.220,M,-28.725,M,1.0,0061*58
",4,1707602101.9999995
1707595631.3888798,42.338238895,-71.08650799833333,0.0,328114.89666180755,4689439.989719544,19,T,0.8,"$GNGGA,165503.00,4220.2943337,N,07105.1904799,W,4,18,0.8,23.220,M,-28.725,M,1.0,0061*59
",4,1707602102.9999995
1707595632.644198,42.338238895,-71.08650799833333,0.0,328114.89666180755,4689439.989719544,19,T,0.8,"$GNGGA,165504.00,4220.2943337,N,07105.1904799,W,4,18,0.8,23.220,M,-28.725,M,2.0,0061*5D
",4,1707602103.9999995
1707595633.899543,42.33823889333333,-71.08650799833333,0.0,328114.89665726636,4689439.98953447,19,T,0.8,"$GNGGA,165505.00,4220.2943336,N,07105.1904799,W,4,18,0.8,23.220,M,-28.725,M,1.0,0061*5E
",4,1707602104.9999993
1707595635.1543589,42.33823889333333,-71.08650799833333,0.0,328114.89665726636,4689439.98953447,19,T,0.8,"$GNGGA,165506.00,4220.2943336,N,07105.1904799,W,4,18,0.8,23.220,M,-28.725,M,1.0,0061*5D
",4,1707602105.999999
1707595636.4098032,42.33823889333333,-71.08650799833333,0.0,328114.89665726636,4689439.98953447,19,T,0.8,"$GNGGA,165507.00,4220.2943336,N,07105.1904799,W,4,18,0.8,23.220,M,-28.725,M,1.0,0061*5C
",4,1707602106.9999993
1707595637.6651773,42.33823889333333,-71.08650799833333,0.0,328114.89665726636,4689439.98953447,19,T,0.8,"$GNGGA,165508.00,4220.2943336,N,07105.1904799,W,4,18,0.8,23.220,M,-28.725,M,1.0,0061*53
",4,1707602107.999999
1707595638.921383,42.33823889333333,-71.08650799833333,0.0,328114.89665726636,4689439.98953447,19,T,0.8,"$GNGGA,165509.00,4220.2943336,N,07105.1904799,W,4,18,0.8,23.220,M,-28.725,M,2.0,0061*51
",4,1707602108.9999993
1707595640.177553,42.33823889333333,-71.08650799833333,0.0,328114.89665726636,4689439.98953447,19,T,0.8,"$GNGGA,165510.00,4220.2943336,N,07105.1904799,W,4,18,0.8,23.220,M,-28.725,M,1.0,0061*5A
",4,1707602109.9999993
1707595641.4346201,42.33823889166667,-71.08650799833333,0.0,328114.8966527252,4689439.989349401,19,T,0.8,"$GNGGA,165511.00,4220.2943335,N,07105.1904799,W,4,18,0.8,23.220,M,-28.725,M,1.0,0061*58
",4,1707602110.9999995
1707595642.6897771,42.33823889166667,-71.08650799833333,0.0,328114.8966527252,4689439.989349401,19,T,0.8,"$GNGGA,165512.00,4220.2943335,N,07105.1904799,W,4,18,0.8,23.220,M,-28.725,M,1.0,0061*5B
",4,1707602111.999999
1707595643.9433546,42.33823889166667,-71.08650799666667,0.0,328114.89679002936,4689439.989346031,19,T,0.8,"$GNGGA,165513.00,4220.2943335,N,07105.1904798,W,4,18,0.8,23.220,M,-28.725,M,2.0,0061*58
",4,1707602112.9999993
1707595645.1996424,42.33823889166667,-71.08650799666667,0.0,328114.89679002936,4689439.989346031,19,T,0.8,"$GNGGA,165514.00,4220.2943335,N,07105.1904798,W,4,18,0.8,23.220,M,-28.725,M,1.0,0061*5C
",4,1707602113.9999993
1707595646.4543617,42.33823889166667,-71.08650799666667,0.0,328114.89679002936,4689439.989346031,19,T,0.8,"$GNGGA,165515.00,4220.2943335,N,07105.1904798,W,4,18,0.8,23.220,M,-28.725,M,1.0,0061*5D
",4,1707602114.9999995
1707595647.7102349,42.33823889166667,-71.08650799666667,0.0,328114.89679002936,4689439.989346031,19,T,0.8,"$GNGGA,165516.00,4220.2943335,N,07105.1904798,W,4,18,0.8,23.220,M,-28.725,M,1.0,0061*5E
",4,1707602115.9999993
1707595648.9642837,42.33823889166667,-71.08650799666667,0.0,328114.89679002936,4689439.989346031,19,T,0.8,"$GNGGA,165517.00,4220.2943335,N,07105.1904798,W,4,18,0.8,23.220,M,-28.725,M,1.0,0061*5F
",4,1707602116.9999993
1707595650.2199667,42.33823889166667,-71.08650799666667,0.0,328114.89679002936,4689439.989346031,19,T,0.8,"$GNGGA,165518.00,4220.2943335,N,07105.1904798,W,4,18,0.8,23.220,M,-28.725,M,1.0,0061*50
",4,1707602117.9999995
1707595651.4763138,42.33823889166667,-71.08650799833333,0.0,328114.8966527252,4689439.989349401,19,T,0.8,"$GNGGA,165519.00,4220.2943335,N,07105.1904799,W,4,17,0.8,23.220,M,-28.725,M,1.0,0061*5F
",4,1707602118.999999
1707595652.648868,42.33823889666667,-71.08650800666666,0.0,328114.8959798279,4689439.989921458,19,T,0.9,"$GNGGA,165520.00,4220.2943338,N,07105.1904804,W,4,15,0.9,23.221,M,-28.725,M,1.0,0061*51
",4,1707602119.9999993
1707595653.7369409,42.33823889,-71.08650799833333,0.0,328114.896648184,4689439.98916433,19,T,0.8,"$GNGGA,165521.00,4220.2943334,N,07105.1904799,W,4,16,0.8,23.220,M,-28.725,M,2.0,0061*57
",4,1707602120.9999995
1707595654.9081101,42.33823889666667,-71.086508005,0.0,328114.89611713204,4689439.989918089,19,T,0.9,"$GNGGA,165522.00,4220.2943338,N,07105.1904803,W,4,16,0.9,23.221,M,-28.725,M,1.0,0061*57
",4,1707602121.9999993
