%time,field.header.seq,field.header.stamp,field.header.frame_id,field.latitude,field.longitude,field.altitude,field.utm_easting,field.utm_northing,field.zone,field.letter,field.hdop,field.gpgga_read,field.current_time,,,,,,,,actual.altitude,,,,,
1.70671294071987E+018,332,1.70671294071517E+018,,42.0057458333333,-71.0848205,0,327351.612969283,4652516.69484294,19,T,1.56,$GPGGA,145537,4220.34475,N,7105.08923,W,2,7,1.56,1.1,M,-33.2,M,,0000*60
,1.706730937E+018,,,,,,,,,,,,,,,,,,,,,,,,,
1.70671294172756E+018,333,1.706712941723E+018,,42.0057465,-71.0848208333333,0,327351.587167279,4652516.76953995,19,T,1.56,$GPGGA,145538,4220.34479,N,7105.08925,W,2,7,1.56,1.5,M,-33.2,M,,0000*61
,1.706730938E+018,,,,,,,,,,,,,,,,,,,,,,,,,
1.70671294273514E+018,334,1.7067129427307E+018,,42.0057443333333,-71.0848193333333,0,327351.705530456,4652516.52593406,19,T,1.56,$GPGGA,145539,4220.34466,N,7105.08916,W,2,7,1.56,1.7,M,-33.2,M,,0000*6C
,1.706730939E+018,,,,,,,,,,,,,,,,,,,,,,,,,
1.70671294374323E+018,335,1.70671294373855E+018,,42.0057421666667,-71.0848171666667,0,327351.879104304,4652516.28098317,19,T,1.56,$GPGGA,145540,4220.34453,N,7105.08903,W,2,8,1.56,1.8,M,-33.2,M,,0000*60
,1.70673094E+018,,,,,,,,,,,,,,,,,,,,,,,,,
1.70671294474862E+018,336,1.70671294474588E+018,,42.0057435,-71.0848171666667,0,327351.882710946,4652516.42903219,19,T,1.49,$GPGGA,145541,4220.34461,N,7105.08903,W,2,8,1.49,2.1,M,-33.2,M,,0000*64
,1.706730941E+018,,,,,,,,,,,,,,,,,,,,,,,,,
1.70671294575792E+018,337,1.70671294575362E+018,,42.0057508333333,-71.0848173333333,0,327351.888744815,4652517.24363803,19,T,1.49,$GPGGA,145542,4220.34505,N,7105.08904,W,2,8,1.49,3.2,M,-33.2,M,,0000*61
,1.706730942E+018,,,,,,,,,,,,,,,,,,,,,,,,,
1.70671294676321E+018,338,1.7067129467605E+018,,42.0057538333333,-71.0848178333333,0,327351.855451774,4652517.57775706,19,T,1.49,$GPGGA,145543,4220.34523,N,7105.08907,W,2,9,1.49,4.1,M,-33.2,M,,0000*62
,1.706730943E+018,,,,,,,,,,,,,,,,,,,,,,,,,
1.70671294777303E+018,339,1.70671294776848E+018,,42.0057603333333,-71.0848198333333,0,327351.707402229,4652518.30353101,19,T,1.49,$GPGGA,145544,4220.34562,N,7105.08919,W,2,8,1.49,5,M,-33.2,M,,0000*6E
,1.706730944E+018,,,,,,,,,,,,,,,,,,,,,,,,,
1.70671294878086E+018,340,1.7067129487764E+018,,42.3390933333333,-71.0848193333333,0,328256.33976268,4689531.4563708,19,T,1.49,$GPGGA,145545,4220.3456,N,7105.08916,W,2,8,1.49,5.1,M,-33.2,M,,0000*63
,1.706730945E+018,,,,,,,,,,,,,,,,,,,,,,,,,
1.70671294978644E+018,341,1.70671294978346E+018,,42.005753,-71.084818,0,327351.839394959,4652517.48556268,19,T,1.49,$GPGGA,145546,4220.34518,N,7105.08908,W,2,8,1.49,6.9,M,-33.2,M,,0000*6B
,1.706730946E+018,,,,,,,,,,,,,,,,,,,,,,,,,
1.70671295079595E+018,342,1.70671295079142E+018,,42.0057601666667,-71.0848191666667,0,327351.762162042,4652518.28367989,19,T,1.49,$GPGGA,145547,4220.34561,N,7105.08915,W,2,8,1.49,7.1,M,-33.2,M,,0000*61
,1.706730947E+018,,,,,,,,,,,,,,,,,,,,,,,,,
1.7067129518039E+018,343,1.70671295179938E+018,,42.0057623333333,-71.0848181666667,0,327351.850838809,4652518.52224205,19,T,1.49,$GPGGA,145548,4220.34574,N,7105.08909,W,2,9,1.49,7.3,M,-33.2,M,,0000*64
,1.706730948E+018,,,,,,,,,,,,,,,,,,,,,,,,,
1.70671295280922E+018,344,1.70671295280633E+018,,42.0057643333333,-71.0848186666667,0,327351.814840795,4652518.74532432,19,T,2.51,$GPGGA,145549,4220.34586,N,7105.08912,W,2,8,2.51,7.4,M,-33.2,M,,0000*6E
,1.706730949E+018,,,,,,,,,,,,,,,,,,,,,,,,,
1.70671295382645E+018,345,1.70671295381436E+018,,42.0057643333333,-71.0848195,0,327351.745827493,4652518.74700556,19,T,1.49,$GPGGA,145550,4220.34586,N,7105.08917,W,2,9,1.49,7.4,M,-33.2,M,,0000*68
,1.70673095E+018,,,,,,,,,,,,,,,,,,,,,,,,,
1.70671295482707E+018,346,1.7067129548224E+018,,42.0057656666667,-71.084821,0,327351.625210198,4652518.89808082,19,T,1.49,$GPGGA,145551,4220.34594,N,7105.08926,W,2,8,1.49,7.4,M,-33.2,M,,0000*69
,1.706730951E+018,,,,,,,,,,,,,,,,,,,,,,,,,
1.7067129558349E+018,347,1.70671295583031E+018,,42.0057653333333,-71.0848206666667,0,327351.651913858,4652518.86039607,19,T,1.49,$GPGGA,145552,4220.34592,N,7105.08924,W,2,9,1.49,7.9,M,-33.2,M,,0000*62
,1.706730952E+018,,,,,,,,,,,,,,,,,,,,,,,,,
1.70671295684267E+018,348,1.70671295683825E+018,,42.0057643333333,-71.0848185,0,327351.828643455,4652518.74498807,19,T,1.49,$GPGGA,145553,4220.34586,N,7105.08911,W,2,9,1.49,8.2,M,-33.2,M,,0000*64
,1.706730953E+018,,,,,,,,,,,,,,,,,,,,,,,,,
1.70671295785113E+018,349,1.70671295784644E+018,,42.0057588333333,-71.0848176666667,0,327351.88277935,4652518.13260463,19,T,2.5,$GPGGA,145554,4220.34553,N,7105.08906,W,2,9,2.5,9.4,M,-33.2,M,,0000*61
,1.706730954E+018,,,,,,,,,,,,,,,,,,,,,,,,,
1.70671295885896E+018,350,1.70671295885449E+018,,42.0057595,-71.084819,0,327351.77416138,4652518.20931913,19,T,2.5,$GPGGA,145555,4220.34557,N,7105.08914,W,2,9,2.5,10.1,M,-33.2,M,,0000*5A
,1.706730955E+018,,,,,,,,,,,,,,,,,,,,,,,,,
1.70671295986709E+018,351,1.70671295986261E+018,,42.0057623333333,-71.0848196666667,0,327351.726614861,4652518.52526829,19,T,2.5,$GPGGA,145556,4220.34574,N,7105.08918,W,2,8,2.5,10.3,M,-33.2,M,,0000*57
,1.706730956E+018,,,,,,,,,,,,,,,,,,,,,,,,,
1.70671296087505E+018,352,1.70671296087058E+018,,42.0057605,-71.0848181666667,0,327351.845879673,4652518.31867465,19,T,1.49,$GPGGA,145557,4220.34563,N,7105.08909,W,2,8,1.49,10.3,M,-33.2,M,,0000*5B
,1.706730957E+018,,,,,,,,,,,,,,,,,,,,,,,,,
1.7067129618831E+018,353,1.70671296187854E+018,,42.0057625,-71.084818,0,327351.8650923,4652518.54041193,19,T,1.49,$GPGGA,145558,4220.34575,N,7105.08908,W,2,9,1.49,10.2,M,-33.2,M,,0000*52
,1.706730958E+018,,,,,,,,,,,,,,,,,,,,,,,,,
1.70671296289096E+018,354,1.70671296288657E+018,,42.0057638333333,-71.0848175,0,327351.910106925,4652518.6874522,19,T,1.49,$GPGGA,145559,4220.34583,N,7105.08905,W,2,8,1.49,10,M,-33.2,M,,0000*54
,1.706730959E+018,,,,,,,,,,,,,,,,,,,,,,,,,
1.70671296389912E+018,355,1.70671296389453E+018,,42.0057651666667,-71.0848175,0,327351.913713569,4652518.83550122,19,T,1.49,$GPGGA,145600,4220.34591,N,7105.08905,W,2,9,1.49,9.7,M,-33.2,M,,0000*66
,1.70673096E+018,,,,,,,,,,,,,,,,,,,,,,,,,
1.70671296490734E+018,356,1.70671296490278E+018,,42.0057673333333,-71.084821,0,327351.629718511,4652519.0831421,19,T,1.49,$GPGGA,145601,4220.34604,N,7105.08926,W,2,8,1.49,9.5,M,-33.2,M,,0000*6A
,1.706730961E+018,,,,,,,,,,,,,,,,,,,,,,,,,
1.70671296591516E+018,357,1.7067129659107E+018,,42.005769,-71.0848223333333,0,327351.523805552,4652519.27089336,19,T,1.49,$GPGGA,145602,4220.34614,N,7105.08934,W,2,9,1.49,9.4,M,-33.2,M,,0000*6B
,1.706730962E+018,,,,,,,,,,,,,,,,,,,,,,,,,
1.70671296693078E+018,358,1.70671296691868E+018,,42.33911,-71.0848296666667,0,328255.533861923,4689533.32794895,19,T,1.49,$GPGGA,145603,4220.3466,N,7105.08978,W,2,8,1.49,9.2,M,-33.2,M,,0000*66
,1.706730963E+018,,,,,,,,,,,,,,,,,,,,,,,,,
1.70671296793119E+018,359,1.70671296792667E+018,,42.0057763333333,-71.0848305,0,327350.867311915,4652520.10163921,19,T,1.5,$GPGGA,145604,4220.34658,N,7105.08983,W,2,9,1.5,8.8,M,-33.2,M,,0000*6C
,1.706730964E+018,,,,,,,,,,,,,,,,,,,,,,,,,
1.70671296893917E+018,360,1.70671296893465E+018,,42.005778,-71.0848315,0,327350.789004305,4652520.28871799,19,T,1.82,$GPGGA,145605,4220.34668,N,7105.08989,W,2,9,1.82,8.6,M,-33.2,M,,0000*65
,1.706730965E+018,,,,,,,,,,,,,,,,,,,,,,,,,
1.70671296994704E+018,361,1.70671296994249E+018,,42.0057775,-71.0848311666667,0,327350.815257118,4652520.23252711,19,T,1.5,$GPGGA,145606,4220.34665,N,7105.08987,W,2,9,1.5,8.3,M,-33.2,M,,0000*6F
,1.706730966E+018,,,,,,,,,,,,,,,,,,,,,,,,,
1.70671297095495E+018,362,1.70671297095051E+018,,42.0057796666667,-71.0848315,0,327350.793512641,4652520.47377926,19,T,1.82,$GPGGA,145607,4220.34678,N,7105.08989,W,2,9,1.82,7.7,M,-33.2,M,,0000*68
,1.706730967E+018,,,,,,,,,,,,,,,,,,,,,,,,,
1.70671297196313E+018,363,1.70671297195871E+018,,42.0057725,-71.0848328333333,0,327350.663705525,4652519.6807058,19,T,1.5,$GPGGA,145608,4220.34635,N,7105.08997,W,2,9,1.5,8.2,M,-33.2,M,,0000*64
,1.706730968E+018,,,,,,,,,,,,,,,,,,,,,,,,,
1.70671297297101E+018,364,1.7067129729667E+018,,42.005769,-71.084831,0,327350.806067267,4652519.28837837,19,T,1.49,$GPGGA,145609,4220.34614,N,7105.08986,W,2,9,1.49,7.7,M,-33.2,M,,0000*64
,1.706730969E+018,,,,,,,,,,,,,,,,,,,,,,,,,
1.70671297397931E+018,365,1.70671297397481E+018,,42.0057855,-71.084837,0,327350.353804183,4652521.13259001,19,T,1.49,$GPGGA,145610,4220.34713,N,7105.09022,W,2,8,1.49,7.6,M,-33.2,M,,0000*6C
,1.70673097E+018,,,,,,,,,,,,,,,,,,,,,,,,,
1.70671297498733E+018,366,1.70671297498287E+018,,42.0057893333333,-71.084835,0,327350.529805243,4652521.55419592,19,T,1.49,$GPGGA,145611,4220.34736,N,7105.0901,W,2,8,1.49,7.5,M,-33.2,M,,0000*68
,1.706730971E+018,,,,,,,,,,,,,,,,,,,,,,,,,
1.70671297600056E+018,367,1.70671297598984E+018,,42.0057998333333,-71.084841,0,327350.061312325,4652522.73218701,19,T,1.49,$GPGGA,145612,4220.34799,N,7105.09046,W,2,9,1.49,7.9,M,-33.2,M,,0000*60
,1.706730972E+018,,,,,,,,,,,,,,,,,,,,,,,,,
1.70671297700145E+018,368,1.70671297699702E+018,,42.0057926666667,-71.0848385,0,327350.248966195,4652521.93137975,19,T,1.49,$GPGGA,145613,4220.34756,N,7105.09031,W,2,8,1.49,8,M,-33.2,M,,0000*65
,1.706730973E+018,,,,,,,,,,,,,,,,,,,,,,,,,
1.70671297800951E+018,369,1.706712978005E+018,,42.339115,-71.0848365,0,328254.984533806,4689533.89696322,19,T,1.49,$GPGGA,145614,4220.3469,N,7105.09019,W,2,8,1.49,8.8,M,-33.2,M,,0000*6B
,1.706730974E+018,,,,,,,,,,,,,,,,,,,,,,,,,
1.70671297901734E+018,370,1.70671297901287E+018,,42.005776,-71.0848361666667,0,327350.397119883,4652520.0760595,19,T,1.49,$GPGGA,145615,4220.34656,N,7105.09017,W,2,8,1.49,9.7,M,-33.2,M,,0000*60
,1.706730975E+018,,,,,,,,,,,,,,,,,,,,,,,,,
1.70671298002276E+018,371,1.7067129800197E+018,,42.0057723333333,-71.0848335,0,327350.608044058,4652519.66354468,19,T,1.49,$GPGGA,145616,4220.34634,N,7105.09001,W,2,8,1.49,10.3,M,-33.2,M,,0000*5C
,1.706730976E+018,,,,,,,,,,,,,,,,,,,,,,,,,
1.7067129810321E+018,372,1.70671298102764E+018,,42.0057713333333,-71.0848321666667,0,327350.715760324,4652519.54981791,19,T,1.49,$GPGGA,145617,4220.34628,N,7105.08993,W,2,8,1.49,10.2,M,-33.2,M,,0000*52
,1.706730977E+018,,,,,,,,,,,,,,,,,,,,,,,,,
1.70671298204022E+018,373,1.70671298203565E+018,,42.0057715,-71.0848316666667,0,327350.757619135,4652519.56731528,19,T,1.49,$GPGGA,145618,4220.34629,N,7105.0899,W,2,8,1.49,10.1,M,-33.2,M,,0000*5C
,1.706730978E+018,,,,,,,,,,,,,,,,,,,,,,,,,
1.70671298304546E+018,374,1.70671298304264E+018,,42.005773,-71.0848313333333,0,327350.789281954,4652519.73319792,19,T,1.49,$GPGGA,145619,4220.34638,N,7105.08988,W,2,8,1.49,9.8,M,-33.2,M,,0000*65
,1.706730979E+018,,,,,,,,,,,,,,,,,,,,,,,,,
1.70671298405518E+018,375,1.70671298405089E+018,,42.0057786666667,-71.0848341666667,0,327350.569965125,4652520.36812252,19,T,1.49,$GPGGA,145620,4220.34672,N,7105.09005,W,2,8,1.49,9.6,M,-33.2,M,,0000*62
,1.70673098E+018,,,,,,,,,,,,,,,,,,,,,,,,,
1.70671298506314E+018,376,1.70671298505876E+018,,42.0057825,-71.0848355,0,327350.469913059,4652520.79645346,19,T,1.49,$GPGGA,145621,4220.34695,N,7105.09013,W,2,8,1.49,9.6,M,-33.2,M,,0000*6D
,1.706730981E+018,,,,,,,,,,,,,,,,,,,,,,,,,
1.70671298607111E+018,377,1.70671298606666E+018,,42.0057838333333,-71.0848388333333,0,327350.197466616,4652520.95122751,19,T,1.5,$GPGGA,145622,4220.34703,N,7105.09033,W,2,7,1.5,9.8,M,-33.2,M,,0000*6B
,1.706730982E+018,,,,,,,,,,,,,,,,,,,,,,,,,
1.70671298707916E+018,378,1.70671298707464E+018,,42.3391216666667,-71.0848445,0,328254.34363156,4689534.65340469,19,T,1.49,$GPGGA,145623,4220.3473,N,7105.09067,W,2,8,1.49,9.4,M,-33.2,M,,0000*60
,1.706730983E+018,,,,,,,,,,,,,,,,,,,,,,,,,
1.706712988087E+018,379,1.70671298808249E+018,,42.0057878333333,-71.0848453333333,0,327349.669983108,4652521.40848842,19,T,1.49,$GPGGA,145624,4220.34727,N,7105.09072,W,2,8,1.49,9.5,M,-33.2,M,,0000*64
,1.706730984E+018,,,,,,,,,,,,,,,,,,,,,,,,,
1.70671298909495E+018,380,1.70671298909045E+018,,42.3391183333333,-71.0848428333333,0,328254.471858937,4689534.27989697,19,T,1.49,$GPGGA,145625,4220.3471,N,7105.09057,W,2,8,1.49,9.6,M,-33.2,M,,0000*65
,1.706730985E+018,,,,,,,,,,,,,,,,,,,,,,,,,
1.70671299010297E+018,381,1.70671299009842E+018,,42.0057881666667,-71.084842,0,327349.946937887,4652521.43877562,19,T,1.49,$GPGGA,145626,4220.34729,N,7105.09052,W,2,9,1.49,9.4,M,-33.2,M,,0000*6A
,1.706730986E+018,,,,,,,,,,,,,,,,,,,,,,,,,
1.70671299111853E+018,382,1.70671299110638E+018,,42.0057915,-71.0848418333333,0,327349.969757261,4652521.80856191,19,T,1.49,$GPGGA,145627,4220.34749,N,7105.09051,W,2,8,1.49,9.2,M,-33.2,M,,0000*69
,1.706730987E+018,,,,,,,,,,,,,,,,,,,,,,,,,
1.70671299211246E+018,383,1.70671299211039E+018,,42.0057898333333,-71.0848405,0,327350.075670138,4652521.62081062,19,T,1.49,$GPGGA,145628,4220.34739,N,7105.09043,W,2,9,1.49,9,M,-33.2,M,,0000*61
,1.706730988E+018,,,,,,,,,,,,,,,,,,,,,,,,,
1.7067129931241E+018,384,1.70671299311967E+018,,42.0057895,-71.0848398333333,0,327350.129979086,4652521.58245335,19,T,1.49,$GPGGA,145629,4220.34737,N,7105.09039,W,2,8,1.49,9,M,-33.2,M,,0000*62
,1.706730989E+018,,,,,,,,,,,,,,,,,,,,,,,,,
1.70671299413202E+018,385,1.70671299412756E+018,,42.0057886666667,-71.0848403333333,0,327350.086316942,4652521.49093147,19,T,1.49,$GPGGA,145630,4220.34732,N,7105.09042,W,2,8,1.49,8.9,M,-33.2,M,,0000*6B
,1.70673099E+018,,,,,,,,,,,,,,,,,,,,,,,,,
1.70671299513987E+018,386,1.70671299513544E+018,,42.0057846666667,-71.0848393333333,0,327350.158312825,4652521.04476691,19,T,1.49,$GPGGA,145631,4220.34708,N,7105.09036,W,2,9,1.49,9,M,-33.2,M,,0000*69
,1.706730991E+018,,,,,,,,,,,,,,,,,,,,,,,,,
1.70671299614909E+018,387,1.70671299613896E+018,,42.0057818333333,-71.084838,0,327350.261069873,4652520.72747273,19,T,1.49,$GPGGA,145632,4220.34691,N,7105.09028,W,2,8,1.49,9,M,-33.2,M,,0000*65
,1.706730992E+018,,,,,,,,,,,,,,,,,,,,,,,,,
1.70671299715128E+018,388,1.70671299714689E+018,,42.0057791666667,-71.084837,0,327350.336672457,4652520.42935718,19,T,1.49,$GPGGA,145633,4220.34675,N,7105.09022,W,2,9,1.49,9,M,-33.2,M,,0000*65
,1.706730993E+018,,,,,,,,,,,,,,,,,,,,,,,,,
1.70671299815639E+018,389,1.70671299815389E+018,,42.0057778333333,-71.0848361666667,0,327350.402079064,4652520.2796269,19,T,1.49,$GPGGA,145634,4220.34667,N,7105.09017,W,2,8,1.49,8.9,M,-33.2,M,,0000*6E
,1.706730994E+018,,,,,,,,,,,,,,,,,,,,,,,,,
1.70671299916625E+018,390,1.7067129991618E+018,,42.0057765,-71.0848353333333,0,327350.467485676,4652520.12989663,19,T,1.49,$GPGGA,145635,4220.34659,N,7105.09012,W,2,9,1.49,8.8,M,-33.2,M,,0000*67
,1.706730995E+018,,,,,,,,,,,,,,,,,,,,,,,,,
1.70671300017427E+018,391,1.70671300016973E+018,,42.0057755,-71.0848346666667,0,327350.519991302,4652520.01751486,19,T,1.49,$GPGGA,145636,4220.34653,N,7105.09008,W,2,8,1.49,8.8,M,-33.2,M,,0000*64
,1.706730996E+018,,,,,,,,,,,,,,,,,,,,,,,,,
1.70671300117917E+018,392,1.70671300117661E+018,,42.0057753333333,-71.0848336666667,0,327350.602356413,4652519.99699122,19,T,1.49,$GPGGA,145637,4220.34652,N,7105.09002,W,2,9,1.49,8.6,M,-33.2,M,,0000*61
,1.706730997E+018,,,,,,,,,,,,,,,,,,,,,,,,,
1.70671300218946E+018,393,1.70671300218432E+018,,42.0057748333333,-71.0848326666667,0,327350.68381986,4652519.93945533,19,T,1.49,$GPGGA,145638,4220.34649,N,7105.08996,W,2,8,1.49,8.6,M,-33.2,M,,0000*60
,1.706730998E+018,,,,,,,,,,,,,,,,,,,,,,,,,
1.70671300319695E+018,394,1.70671300319249E+018,,42.0057746666667,-71.0848321666667,0,327350.724776999,4652519.91994045,19,T,1.49,$GPGGA,145639,4220.34648,N,7105.08993,W,2,9,1.49,8.6,M,-33.2,M,,0000*64
,1.706730999E+018,,,,,,,,,,,,,,,,,,,,,,,,,
1.7067130042023E+018,395,1.70671300419951E+018,,42.0057745,-71.084832,0,327350.738128825,4652519.90109807,19,T,1.49,$GPGGA,145640,4220.34647,N,7105.08992,W,2,8,1.49,8.6,M,-33.2,M,,0000*65
,1.706731E+018,,,,,,,,,,,,,,,,,,,,,,,,,
1.70671300521188E+018,396,1.70671300520733E+018,,42.005774,-71.084832,0,327350.736776324,4652519.84557969,19,T,1.49,$GPGGA,145641,4220.34644,N,7105.08992,W,2,8,1.49,8.7,M,-33.2,M,,0000*66
,1.706731001E+018,,,,,,,,,,,,,,,,,,,,,,,,,
1.70671300621971E+018,397,1.70671300621527E+018,,42.0057728333333,-71.084833,0,327350.650804535,4652519.71805431,19,T,1.49,$GPGGA,145642,4220.34637,N,7105.08998,W,2,9,1.49,8.6,M,-33.2,M,,0000*6B
,1.706731002E+018,,,,,,,,,,,,,,,,,,,,,,,,,
1.70671300722785E+018,398,1.70671300722332E+018,,42.0057718333333,-71.0848338333333,0,327350.579086239,4652519.6086988,19,T,1.49,$GPGGA,145643,4220.34631,N,7105.09003,W,2,8,1.49,8.5,M,-33.2,M,,0000*64
,1.706731003E+018,,,,,,,,,,,,,,,,,,,,,,,,,
1.70671300823341E+018,399,1.70671300823035E+018,,42.0057715,-71.0848345,0,327350.522973937,4652519.57303155,19,T,1.49,$GPGGA,145644,4220.34629,N,7105.09007,W,2,8,1.49,8.5,M,-33.2,M,,0000*6E
,1.706731004E+018,,,,,,,,,,,,,,,,,,,,,,,,,
1.70671300925036E+018,400,1.70671300923852E+018,,42.0057708333333,-71.0848351666667,0,327350.465959964,4652519.50035205,19,T,1.49,$GPGGA,145645,4220.34625,N,7105.09011,W,2,9,1.49,8.5,M,-33.2,M,,0000*65
,1.706731005E+018,,,,,,,,,,,,,,,,,,,,,,,,,
1.70671301025098E+018,401,1.70671301024652E+018,,42.0057701666667,-71.0848358333333,0,327350.408945989,4652519.42767254,19,T,1.49,$GPGGA,145646,4220.34621,N,7105.09015,W,2,8,1.49,8.5,M,-33.2,M,,0000*67
,1.706731006E+018,,,,,,,,,,,,,,,,,,,,,,,,,
1.70671301125878E+018,402,1.70671301125433E+018,,42.0057695,-71.0848366666667,0,327350.338129357,4652519.35532929,19,T,1.49,$GPGGA,145647,4220.34617,N,7105.0902,W,2,8,1.49,8.4,M,-33.2,M,,0000*64
,1.706731007E+018,,,,,,,,,,,,,,,,,,,,,,,,,
1.70671301226683E+018,403,1.70671301226232E+018,,42.0057693333333,-71.0848376666667,0,327350.254862564,4652519.33884068,19,T,1.49,$GPGGA,145648,4220.34616,N,7105.09026,W,2,9,1.49,8.4,M,-33.2,M,,0000*6D
,1.706731008E+018,,,,,,,,,,,,,,,,,,,,,,,,,
1.70671301327193E+018,404,1.70671301326927E+018,,42.0057695,-71.0848386666667,0,327350.172497445,4652519.35936432,19,T,1.49,$GPGGA,145649,4220.34617,N,7105.09032,W,2,8,1.49,8.3,M,-33.2,M,,0000*6E
,1.706731009E+018,,,,,,,,,,,,,,,,,,,,,,,,,
1.70671301428899E+018,405,1.70671301427712E+018,,42.0057691666667,-71.0848405,0,327350.019766522,4652519.32605084,19,T,1.5,$GPGGA,145650,4220.34615,N,7105.09043,W,2,7,1.5,8.4,M,-33.2,M,,0000*62
,1.70673101E+018,,,,,,,,,,,,,,,,,,,,,,,,,
1.70671301528947E+018,406,1.70671301528506E+018,,42.0057695,-71.0848433333333,0,327349.786022988,4652519.36877939,19,T,1.49,$GPGGA,145651,4220.34617,N,7105.0906,W,2,8,1.49,8.4,M,-33.2,M,,0000*67
,1.706731011E+018,,,,,,,,,,,,,,,,,,,,,,,,,
1.70671301629528E+018,407,1.70671301629233E+018,,42.0057725,-71.0848423333333,0,327349.87695399,4652519.69987216,19,T,1.49,$GPGGA,145652,4220.34635,N,7105.09054,W,2,8,1.49,8.5,M,-33.2,M,,0000*62
,1.706731012E+018,,,,,,,,,,,,,,,,,,,,,,,,,
1.70671301730467E+018,408,1.70671301730025E+018,,42.0057776666667,-71.0848458333333,0,327349.601074099,4652520.28062342,19,T,1.49,$GPGGA,145653,4220.34666,N,7105.09075,W,2,8,1.49,8.7,M,-33.2,M,,0000*64
,1.706731013E+018,,,,,,,,,,,,,,,,,,,,,,,,,
1.70671301831281E+018,409,1.7067130183083E+018,,42.0057805,-71.0848458333333,0,327349.608738323,4652520.59522758,19,T,1.49,$GPGGA,145654,4220.34683,N,7105.09075,W,2,8,1.49,8.5,M,-33.2,M,,0000*6A
,1.706731014E+018,,,,,,,,,,,,,,,,,,,,,,,,,
1.70671301932615E+018,410,1.70671301931526E+018,,42.0057806666667,-71.0848458333333,0,327349.60918916,4652520.61373371,19,T,1.49,$GPGGA,145655,4220.34684,N,7105.09075,W,2,9,1.49,8.6,M,-33.2,M,,0000*6E
,1.706731015E+018,,,,,,,,,,,,,,,,,,,,,,,,,
1.70671302032769E+018,411,1.70671302032322E+018,,42.005784,-71.0848478333333,0,327349.452574022,4652520.98789129,19,T,1.49,$GPGGA,145656,4220.34704,N,7105.09087,W,2,9,1.49,8.7,M,-33.2,M,,0000*68
,1.706731016E+018,,,,,,,,,,,,,,,,,,,,,,,,,
1.70671302133559E+018,412,1.7067130213312E+018,,42.3391216666667,-71.0848511666667,0,328253.794420942,4689534.6668705,19,T,1.49,$GPGGA,145657,4220.3473,N,7105.09107,W,2,8,1.49,8.9,M,-33.2,M,,0000*68
,1.706731017E+018,,,,,,,,,,,,,,,,,,,,,,,,,
1.70671302234084E+018,413,1.70671302233796E+018,,42.0057911666667,-71.084854,0,327348.961261806,4652521.79609617,19,T,1.49,$GPGGA,145658,4220.34747,N,7105.09124,W,2,9,1.49,9,M,-33.2,M,,0000*6F
,1.706731018E+018,,,,,,,,,,,,,,,,,,,,,,,,,
1.70671302335052E+018,414,1.70671302334599E+018,,42.0057925,-71.0848556666667,0,327348.826841976,4652521.94750773,19,T,1.49,$GPGGA,145659,4220.34755,N,7105.09134,W,2,8,1.49,9.1,M,-33.2,M,,0000*6C
,1.706731019E+018,,,,,,,,,,,,,,,,,,,,,,,,,
1.70671302436589E+018,415,1.70671302435397E+018,,42.3391266666667,-71.0848573333333,0,328253.300014129,4689535.23453833,19,T,1.49,$GPGGA,145700,4220.3476,N,7105.09144,W,2,9,1.49,9.2,M,-33.2,M,,0000*62
,1.70673102E+018,,,,,,,,,,,,,,,,,,,,,,,,,
1.70671302536432E+018,416,1.70671302536158E+018,,42.0057948333333,-71.0848593333333,0,327348.529495338,4652522.21399113,19,T,1.49,$GPGGA,145701,4220.34769,N,7105.09156,W,2,9,1.49,9.4,M,-33.2,M,,0000*6F
,1.706731021E+018,,,,,,,,,,,,,,,,,,,,,,,,,
1.70671302637444E+018,417,1.70671302637013E+018,,42.0057973333333,-71.0848613333333,0,327348.370626096,4652522.49561811,19,T,1.49,$GPGGA,145702,4220.34784,N,7105.09168,W,2,9,1.49,9.5,M,-33.2,M,,0000*63
,1.706731022E+018,,,,,,,,,,,,,,,,,,,,,,,,,
1.70671302738255E+018,418,1.70671302737798E+018,,42.0058001666667,-71.0848635,0,327348.198855899,4652522.8145936,19,T,1.49,$GPGGA,145703,4220.34801,N,7105.09181,W,2,9,1.49,9.4,M,-33.2,M,,0000*66
,1.706731023E+018,,,,,,,,,,,,,,,,,,,,,,,,,
1.70671302838768E+018,419,1.70671302838491E+018,,42.339135,-71.084865,0,328252.691110406,4689536.17537731,19,T,1.49,$GPGGA,145704,4220.3481,N,7105.0919,W,2,9,1.49,9.3,M,-33.2,M,,0000*66
,1.706731024E+018,,,,,,,,,,,,,,,,,,,,,,,,,
1.70671302939735E+018,420,1.70671302939285E+018,,42.0058041666667,-71.0848665,0,327347.961228346,4652523.26479327,19,T,1.49,$GPGGA,145705,4220.34825,N,7105.09199,W,2,9,1.49,9.2,M,-33.2,M,,0000*69
,1.706731025E+018,,,,,,,,,,,,,,,,,,,,,,,,,
1.70671303040527E+018,421,1.7067130304008E+018,,42.0058051666667,-71.0848675,0,327347.881117488,4652523.37784757,19,T,1.49,$GPGGA,145706,4220.34831,N,7105.09205,W,2,9,1.49,9.2,M,-33.2,M,,0000*69
,1.706731026E+018,,,,,,,,,,,,,,,,,,,,,,,,,
1.70671303141086E+018,422,1.70671303140802E+018,,42.0058053333333,-71.0848678333333,0,327347.853963027,4652523.39702621,19,T,1.49,$GPGGA,145707,4220.34832,N,7105.09207,W,2,8,1.49,9.1,M,-33.2,M,,0000*6B
,1.706731027E+018,,,,,,,,,,,,,,,,,,,,,,,,,
1.70671303242056E+018,423,1.70671303241604E+018,,42.0058055,-71.0848683333333,0,327347.813005913,4652523.41654111,19,T,1.49,$GPGGA,145708,4220.34833,N,7105.0921,W,2,9,1.49,9,M,-33.2,M,,0000*63
,1.706731028E+018,,,,,,,,,,,,,,,,,,,,,,,,,
1.70671303342866E+018,424,1.70671303342416E+018,,42.0058053333333,-71.0848685,0,327347.79875242,4652523.39837124,19,T,1.49,$GPGGA,145709,4220.34832,N,7105.09211,W,2,8,1.49,8.9,M,-33.2,M,,0000*6B
,1.706731029E+018,,,,,,,,,,,,,,,,,,,,,,,,,
1.70671303443366E+018,425,1.70671303443092E+018,,42.0058048333333,-71.0848685,0,327347.797399894,4652523.34285286,19,T,1.49,$GPGGA,145710,4220.34829,N,7105.09211,W,2,9,1.49,8.8,M,-33.2,M,,0000*69
,1.70673103E+018,,,,,,,,,,,,,,,,,,,,,,,,,
1.70671303544326E+018,426,1.7067130354389E+018,,42.0058035,-71.0848683333333,0,327347.807595811,4652523.19446758,19,T,1.14,$GPGGA,145711,4220.34821,N,7105.0921,W,2,9,1.14,8.6,M,-33.2,M,,0000*67
,1.706731031E+018,,,,,,,,,,,,,,,,,,,,,,,,,
1.70671303645826E+018,427,1.70671303644634E+018,,42.005803,-71.0848696666667,0,327347.69582207,4652523.14163926,19,T,1.49,$GPGGA,145712,4220.34818,N,7105.09218,W,2,9,1.49,8.7,M,-33.2,M,,0000*6F
,1.706731032E+018,,,,,,,,,,,,,,,,,,,,,,,,,
1.70671303745899E+018,428,1.70671303745451E+018,,42.0058038333333,-71.0848698333333,0,327347.684273629,4652523.23450615,19,T,1.49,$GPGGA,145713,4220.34823,N,7105.09219,W,2,8,1.49,8.9,M,-33.2,M,,0000*68
,1.706731033E+018,,,,,,,,,,,,,,,,,,,,,,,,,
1.70671303846716E+018,429,1.70671303846276E+018,,42.0058061666667,-71.08487,0,327347.676782769,4652523.49392819,19,T,1.14,$GPGGA,145714,4220.34837,N,7105.0922,W,2,9,1.14,8.8,M,-33.2,M,,0000*68
,1.706731034E+018,,,,,,,,,,,,,,,,,,,,,,,,,
1.70671303947551E+018,430,1.70671303947107E+018,,42.0058076666667,-71.084869,0,327347.763656253,4652523.65846579,19,T,1.49,$GPGGA,145715,4220.34846,N,7105.09214,W,2,9,1.49,9,M,-33.2,M,,0000*69
,1.706731035E+018,,,,,,,,,,,,,,,,,,,,,,,,,
1.70671304048081E+018,431,1.70671304047835E+018,,42.0058075,-71.0848671666667,0,327347.915034573,4652523.63626084,19,T,1.29,$GPGGA,145716,4220.34845,N,7105.09203,W,2,9,1.29,9.4,M,-33.2,M,,0000*6D
,1.706731036E+018,,,,,,,,,,,,,,,,,,,,,,,,,
1.70671304149843E+018,432,1.70671304148654E+018,,42.0058096666667,-71.0848678333333,0,327347.865684913,4652523.87818553,19,T,1.56,$GPGGA,145717,4220.34858,N,7105.09207,W,2,8,1.56,9.8,M,-33.2,M,,0000*61
,1.706731037E+018,,,,,,,,,,,,,,,,,,,,,,,,,
1.70671304249896E+018,433,1.70671304249464E+018,,42.0058103333333,-71.0848678333333,0,327347.86748828,4652523.95221003,19,T,1.55,$GPGGA,145718,4220.34862,N,7105.09207,W,2,8,1.55,9.8,M,-33.2,M,,0000*64
,1.706731038E+018,,,,,,,,,,,,,,,,,,,,,,,,,
1.70671304350431E+018,434,1.70671304350149E+018,,42.0058105,-72.7515333333333,0,686200.793392768,4652867.00258606,18,T,1.55,$GPGGA,145719,4220.34863,N,7105.092,W,2,8,1.55,9.9,M,-33.2,M,,0000*62
,1.706731039E+018,,,,,,,,,,,,,,,,,,,,,,,,,
1.70671304451396E+018,435,1.70671304450961E+018,,42.0058125,-71.0848671666667,0,327347.928559822,4652524.19144466,19,T,1.49,$GPGGA,145720,4220.34875,N,7105.09203,W,2,9,1.49,9.8,M,-33.2,M,,0000*61
,1.70673104E+018,,,,,,,,,,,,,,,,,,,,,,,,,
1.70671304552236E+018,436,1.70671304551795E+018,,42.0058121666667,-71.0848688333333,0,327347.789631638,4652524.15779498,19,T,1.49,$GPGGA,145721,4220.34873,N,7105.09213,W,2,9,1.49,10.1,M,-33.2,M,,0000*56
,1.706731041E+018,,,,,,,,,,,,,,,,,,,,,,,,,
1.70671304653614E+018,437,1.70671304652522E+018,,42.0058111666667,-71.0848695,0,327347.731715986,4652524.04810324,19,T,1.15,$GPGGA,145722,4220.34867,N,7105.09217,W,2,8,1.15,10.1,M,-33.2,M,,0000*5C
,1.706731042E+018,,,,,,,,,,,,,,,,,,,,,,,,,
1.70671304753799E+018,438,1.70671304753342E+018,,42.0058118333333,-71.0848676666667,0,327347.885348506,4652524.11842892,19,T,1.49,$GPGGA,145723,4220.34871,N,7105.09206,W,2,9,1.49,10.1,M,-33.2,M,,0000*52
,1.706731043E+018,,,,,,,,,,,,,,,,,,,,,,,,,
1.70671304854611E+018,439,1.70671304854166E+018,,42.005812,-71.084865,0,327348.106641748,4652524.13155495,19,T,1.49,$GPGGA,145724,4220.34872,N,7105.0919,W,2,9,1.49,10,M,-33.2,M,,0000*5B
,1.706731044E+018,,,,,,,,,,,,,,,,,,,,,,,,,
1.70671304955442E+018,440,1.70671304954992E+018,,42.339145,-71.0848656666667,0,328252.663415495,4689537.28714774,19,T,1.49,$GPGGA,145725,4220.3487,N,7105.09194,W,2,9,1.49,10.1,M,-33.2,M,,0000*5D
,1.706731045E+018,,,,,,,,,,,,,,,,,,,,,,,,,
1.70671305056265E+018,441,1.70671305055811E+018,,42.005813,-71.0848661666667,0,327348.012728244,4652524.2449455,19,T,1.49,$GPGGA,145726,4220.34878,N,7105.09197,W,2,9,1.49,10.2,M,-33.2,M,,0000*56
,1.706731046E+018,,,,,,,,,,,,,,,,,,,,,,,,,
1.70671305157814E+018,442,1.70671305156624E+018,,42.005814,-71.084864,0,327348.194867738,4652524.35161094,19,T,1.49,$GPGGA,145727,4220.34884,N,7105.09184,W,2,9,1.49,10,M,-33.2,M,,0000*54
,1.706731047E+018,,,,,,,,,,,,,,,,,,,,,,,,,
1.70671305257882E+018,443,1.70671305257444E+018,,42.0058135,-71.0848633333333,0,327348.248725815,4652524.29474753,19,T,1.49,$GPGGA,145728,4220.34881,N,7105.0918,W,2,9,1.49,10,M,-33.2,M,,0000*5A
,1.706731048E+018,,,,,,,,,,,,,,,,,,,,,,,,,
1.70671305358713E+018,444,1.70671305358266E+018,,42.0058135,-71.0848653333333,0,327348.083094018,4652524.2987826,19,T,1.49,$GPGGA,145729,4220.34881,N,7105.09192,W,2,9,1.49,10,M,-33.2,M,,0000*58
,1.706731049E+018,,,,,,,,,,,,,,,,,,,,,,,,,
1.70671305459537E+018,445,1.70671305459099E+018,,42.0058136666667,-71.0848625,0,327348.318189904,4652524.31157238,19,T,1.49,$GPGGA,145730,4220.34882,N,7105.09175,W,2,9,1.49,9.9,M,-33.2,M,,0000*6B
,1.70673105E+018,,,,,,,,,,,,,,,,,,,,,,,,,
1.70671305560069E+018,446,1.70671305559792E+018,,42.3391466666667,-71.0848608333333,0,328253.066130727,4689537.4624556,19,T,1.49,$GPGGA,145731,4220.3488,N,7105.09165,W,2,9,1.49,10,M,-33.2,M,,0000*58
,1.706731051E+018,,,,,,,,,,,,,,,,,,,,,,,,,
1.70671305661768E+018,447,1.70671305660596E+018,,42.3391466666667,-71.0848621666667,0,328252.956288647,4689537.46514878,19,T,1.49,$GPGGA,145732,4220.3488,N,7105.09173,W,2,9,1.49,10.2,M,-33.2,M,,0000*5E
,1.706731052E+018,,,,,,,,,,,,,,,,,,,,,,,,,
1.70671305762031E+018,448,1.70671305761535E+018,,42.005813,-71.0848618333333,0,327348.37159714,4652524.23620284,19,T,1.49,$GPGGA,145733,4220.34878,N,7105.09171,W,2,8,1.49,10.3,M,-33.2,M,,0000*5A
,1.706731053E+018,,,,,,,,,,,,,,,,,,,,,,,,,
1.70671305862803E+018,449,1.7067130586235E+018,,42.005812,-71.0848611666667,0,327348.424102698,4652524.12382106,19,T,1.49,$GPGGA,145734,4220.34872,N,7105.09167,W,2,8,1.49,10.4,M,-33.2,M,,0000*57
,1.706731054E+018,,,,,,,,,,,,,,,,,,,,,,,,,
1.70671305963607E+018,450,1.7067130596316E+018,,42.0058108333333,-71.0848605,0,327348.476157417,4652523.99293314,19,T,1.49,$GPGGA,145735,4220.34865,N,7105.09163,W,2,9,1.49,10.4,M,-33.2,M,,0000*55
,1.706731055E+018,,,,,,,,,,,,,,,,,,,,,,,,,
1.70671306064404E+018,451,1.7067130606396E+018,,42.3391433333333,-71.0848598333333,0,328253.139436932,4689537.09029444,19,T,1.49,$GPGGA,145736,4220.3486,N,7105.09159,W,2,9,1.49,10.4,M,-33.2,M,,0000*5A
,1.706731056E+018,,,,,,,,,,,,,,,,,,,,,,,,,
1.70671306165072E+018,452,1.70671306164655E+018,,42.005809,-71.0848588333333,0,327348.609224681,4652523.78600319,19,T,1.49,$GPGGA,145737,4220.34854,N,7105.09153,W,2,9,1.49,10.5,M,-33.2,M,,0000*57
,1.706731057E+018,,,,,,,,,,,,,,,,,,,,,,,,,
1.70671306265934E+018,453,1.70671306265493E+018,,42.0058081666667,-71.0848578333333,0,327348.689786387,4652523.69145502,19,T,1.49,$GPGGA,145738,4220.34849,N,7105.09147,W,2,9,1.49,10.5,M,-33.2,M,,0000*51
,1.706731058E+018,,,,,,,,,,,,,,,,,,,,,,,,,
1.70671306366726E+018,454,1.70671306366271E+018,,42.0058073333333,-71.0848568333333,0,327348.770348093,4652523.59690685,19,T,1.49,$GPGGA,145739,4220.34844,N,7105.09141,W,2,9,1.49,10.6,M,-33.2,M,,0000*58
,1.706731059E+018,,,,,,,,,,,,,,,,,,,,,,,,,
1.70671306467464E+018,455,1.70671306467004E+018,,42.0058068333333,-71.0848556666667,0,327348.865614135,4652523.53903468,19,T,1.49,$GPGGA,145740,4220.34841,N,7105.09134,W,2,8,1.49,10.6,M,-33.2,M,,0000*50
,1.70673106E+018,,,,,,,,,,,,,,,,,,,,,,,,,
1.70671306568271E+018,456,1.70671306567823E+018,,42.0058063333333,-71.0848543333333,0,327348.974682825,4652523.48082626,19,T,1.49,$GPGGA,145741,4220.34838,N,7105.09126,W,2,9,1.49,10.7,M,-33.2,M,,0000*5C
,1.706731061E+018,,,,,,,,,,,,,,,,,,,,,,,,,
1.70671306669081E+018,457,1.7067130666864E+018,,42.0058058333333,-71.0848528333333,0,327349.097554173,4652523.42228159,19,T,1.49,$GPGGA,145742,4220.34835,N,7105.09117,W,2,8,1.49,10.9,M,-33.2,M,,0000*5F
,1.706731062E+018,,,,,,,,,,,,,,,,,,,,,,,,,
1.70671306769892E+018,458,1.70671306769449E+018,,42.3391383333333,-71.0848516666667,0,328253.798606731,4689536.51858684,19,T,1.49,$GPGGA,145743,4220.3483,N,7105.0911,W,2,8,1.49,10.9,M,-33.2,M,,0000*5C
,1.706731063E+018,,,,,,,,,,,,,,,,,,,,,,,,,
1.70671306870705E+018,459,1.70671306870258E+018,,42.0058043333333,-71.0848505,0,327349.28673375,4652523.25101888,19,T,1.55,$GPGGA,145744,4220.34826,N,7105.09103,W,2,9,1.55,10.9,M,-33.2,M,,0000*52
,1.706731064E+018,,,,,,,,,,,,,,,,,,,,,,,,,
1.70671306972285E+018,460,1.70671306971091E+018,,42.0058035,-71.084847,0,327349.574335249,4652523.15142692,19,T,1.49,$GPGGA,145745,4220.34821,N,7105.09082,W,2,8,1.49,11,M,-33.2,M,,0000*58
,1.706731065E+018,,,,,,,,,,,,,,,,,,,,,,,,,
1.70671307072345E+018,461,1.70671307071905E+018,,42.005803,-71.0848471666667,0,327349.559180085,4652523.09624479,19,T,1.49,$GPGGA,145746,4220.34818,N,7105.09083,W,2,8,1.49,11.2,M,-33.2,M,,0000*52
,1.706731066E+018,,,,,,,,,,,,,,,,,,,,,,,,,
1.70671307173157E+018,462,1.70671307172718E+018,,42.0058068333333,-71.0848513333333,0,327349.224483066,4652523.53029207,19,T,1.49,$GPGGA,145747,4220.34841,N,7105.09108,W,2,8,1.49,11.3,M,-33.2,M,,0000*5C
,1.706731067E+018,,,,,,,,,,,,,,,,,,,,,,,,,
1.70671307273999E+018,463,1.70671307273558E+018,,42.0058078333333,-71.0848498333333,0,327349.35141195,4652523.63830254,19,T,1.49,$GPGGA,145748,4220.34847,N,7105.09099,W,2,8,1.49,11.6,M,-33.2,M,,0000*59
,1.706731068E+018,,,,,,,,,,,,,,,,,,,,,,,,,
1.70671307374805E+018,464,1.7067130737436E+018,,42.005808,-71.0848503333333,0,327349.310454836,4652523.65781743,19,T,1.49,$GPGGA,145749,4220.34848,N,7105.09102,W,2,8,1.49,11.8,M,-33.2,M,,0000*5A
,1.706731069E+018,,,,,,,,,,,,,,,,,,,,,,,,,
1.70671307476376E+018,465,1.70671307475169E+018,,42.0058056666667,-71.084852,0,327349.166116592,4652523.40209419,19,T,1.49,$GPGGA,145750,4220.34834,N,7105.09112,W,2,8,1.49,11.5,M,-33.2,M,,0000*55
,1.70673107E+018,,,,,,,,,,,,,,,,,,,,,,,,,
1.7067130757644E+018,466,1.70671307575994E+018,,42.0058043333333,-71.0848521666667,0,327349.148707232,4652523.25438143,19,T,1.49,$GPGGA,145751,4220.34826,N,7105.09113,W,2,8,1.49,11.6,M,-33.2,M,,0000*55
,1.706731071E+018,,,,,,,,,,,,,,,,,,,,,,,,,
1.7067130767725E+018,467,1.70671307676804E+018,,42.0058085,-71.0848546666667,0,327348.95293843,4652523.72207843,19,T,1.49,$GPGGA,145752,4220.34851,N,7105.09128,W,2,8,1.49,11.7,M,-33.2,M,,0000*5F
,1.706731072E+018,,,,,,,,,,,,,,,,,,,,,,,,,
1.70671307778063E+018,468,1.70671307777622E+018,,42.0058123333333,-71.0848568333333,0,327348.783873276,4652524.15209067,19,T,1.49,$GPGGA,145753,4220.34874,N,7105.09141,W,2,9,1.49,11.8,M,-33.2,M,,0000*58
,1.706731073E+018,,,,,,,,,,,,,,,,,,,,,,,,,
1.70671307878875E+018,469,1.70671307878432E+018,,42.0058153333333,-71.0848583333333,0,327348.667764545,4652524.48822726,19,T,1.49,$GPGGA,145754,4220.34892,N,7105.0915,W,2,8,1.49,11.9,M,-33.2,M,,0000*57
,1.706731074E+018,,,,,,,,,,,,,,,,,,,,,,,,,
1.70671307980223E+018,470,1.70671307979121E+018,,42.0058161666667,-71.0848581666667,0,327348.683821392,4652524.58042164,19,T,1.49,$GPGGA,145755,4220.34897,N,7105.09149,W,2,9,1.49,11.9,M,-33.2,M,,0000*5A
,1.706731075E+018,,,,,,,,,,,,,,,,,,,,,,,,,
1.70671308080365E+018,471,1.70671308079924E+018,,42.0058171666667,-71.084858,0,327348.70032908,4652524.69112215,19,T,1.49,$GPGGA,145756,4220.34903,N,7105.09148,W,2,8,1.49,11.9,M,-33.2,M,,0000*55
,1.706731076E+018,,,,,,,,,,,,,,,,,,,,,,,,,
1.70671308181173E+018,472,1.70671308180729E+018,,42.0058176666667,-71.0848578333333,0,327348.715484247,4652524.74630428,19,T,1.49,$GPGGA,145757,4220.34906,N,7105.09147,W,2,8,1.49,11.8,M,-33.2,M,,0000*5F
,1.706731077E+018,,,,,,,,,,,,,,,,,,,,,,,,,
1.70671308282004E+018,473,1.70671308281546E+018,,42.005818,-71.0848573333333,0,327348.757793872,4652524.78230777,19,T,1.49,$GPGGA,145758,4220.34908,N,7105.09144,W,2,9,1.49,11.8,M,-33.2,M,,0000*5C
,1.706731078E+018,,,,,,,,,,,,,,,,,,,,,,,,,
1.70671308382809E+018,474,1.70671308382371E+018,,42.3391516666667,-71.0848571666667,0,328253.381809465,4689538.01026129,19,T,1.49,$GPGGA,145759,4220.3491,N,7105.09143,W,2,8,1.49,11.7,M,-33.2,M,,0000*5D
,1.706731079E+018,,,,,,,,,,,,,,,,,,,,,,,,,
1.70671308484396E+018,475,1.70671308483186E+018,,42.0058186666667,-71.084857,0,327348.787202527,4652524.85565977,19,T,1.49,$GPGGA,145800,4220.34912,N,7105.09142,W,2,8,1.49,11.7,M,-33.2,M,,0000*5D
,1.70673108E+018,,,,,,,,,,,,,,,,,,,,,,,,,
1.70671308584438E+018,476,1.70671308583995E+018,,42.005819,-71.084857,0,327348.788104206,4652524.89267202,19,T,1.49,$GPGGA,145801,4220.34914,N,7105.09142,W,2,9,1.49,11.7,M,-33.2,M,,0000*5B
,1.706731081E+018,,,,,,,,,,,,,,,,,,,,,,,,,
1.70671308685254E+018,477,1.70671308684813E+018,,42.0058195,-71.0848573333333,0,327348.761851428,4652524.94886291,19,T,1.49,$GPGGA,145802,4220.34917,N,7105.09144,W,2,9,1.49,11.6,M,-33.2,M,,0000*5C
,1.706731082E+018,,,,,,,,,,,,,,,,,,,,,,,,,
1.70671308786074E+018,478,1.70671308785632E+018,,42.3391533333333,-71.0848578333333,0,328253.331426104,4689538.19667852,19,T,1.49,$GPGGA,145803,4220.3492,N,7105.09147,W,2,9,1.49,11.6,M,-33.2,M,,0000*5A
,1.706731083E+018,,,,,,,,,,,,,,,,,,,,,,,,,
1.70671308886895E+018,479,1.70671308886454E+018,,42.0058215,-71.0848593333333,0,327348.601629728,4652525.17497151,19,T,1.49,$GPGGA,145804,4220.34929,N,7105.09156,W,2,9,1.49,11.7,M,-33.2,M,,0000*55
,1.706731084E+018,,,,,,,,,,,,,,,,,,,,,,,,,
1.70671308987723E+018,480,1.70671308987278E+018,,42.0058238333333,-71.0848613333333,0,327348.442309718,4652525.43809236,19,T,1.49,$GPGGA,145805,4220.34943,N,7105.09168,W,2,9,1.49,11.8,M,-33.2,M,,0000*5A
,1.706731085E+018,,,,,,,,,,,,,,,,,,,,,,,,,
1.70671309089327E+018,481,1.70671309088121E+018,,42.0058223333333,-71.0848618333333,0,327348.396844211,4652525.27254598,19,T,1.49,$GPGGA,145806,4220.34934,N,7105.09171,W,2,9,1.49,11.6,M,-33.2,M,,0000*5F
,1.706731086E+018,,,,,,,,,,,,,,,,,,,,,,,,,
1.70671309189339E+018,482,1.7067130918889E+018,,42.0058206666667,-71.0848616666667,0,327348.406138453,4652525.08714845,19,T,1.49,$GPGGA,145807,4220.34924,N,7105.0917,W,2,9,1.49,11.6,M,-33.2,M,,0000*5E
,1.706731087E+018,,,,,,,,,,,,,,,,,,,,,,,,,
1.70671309290142E+018,483,1.70671309289703E+018,,42.0058193333333,-71.0848618333333,0,327348.388729081,4652524.93943568,19,T,1.49,$GPGGA,145808,4220.34916,N,7105.09171,W,2,9,1.49,11.7,M,-33.2,M,,0000*50
,1.706731088E+018,,,,,,,,,,,,,,,,,,,,,,,,,
1.70671309390966E+018,484,1.70671309390519E+018,,42.0058181666667,-71.0848626666667,0,327348.316559955,4652524.81157407,19,T,1.49,$GPGGA,145809,4220.34909,N,7105.09176,W,2,8,1.49,11.6,M,-33.2,M,,0000*58
,1.706731089E+018,,,,,,,,,,,,,,,,,,,,,,,,,
1.70671309491773E+018,485,1.70671309491333E+018,,42.0058176666667,-71.0848626666667,0,327348.315207432,4652524.75605569,19,T,1.49,$GPGGA,145810,4220.34906,N,7105.09176,W,2,9,1.49,11.5,M,-33.2,M,,0000*5D
,1.70673109E+018,,,,,,,,,,,,,,,,,,,,,,,,,
1.70671309593355E+018,486,1.70671309592146E+018,,42.0058171666667,-71.084863,0,327348.286249613,4652524.70120982,19,T,1.49,$GPGGA,145811,4220.34903,N,7105.09178,W,2,8,1.49,11.5,M,-33.2,M,,0000*56
,1.706731091E+018,,,,,,,,,,,,,,,,,,,,,,,,,
1.70671309693328E+018,487,1.70671309692888E+018,,42.0058181666667,-71.0848668333333,0,327347.971493736,4652524.81998048,19,T,1.49,$GPGGA,145812,4220.34909,N,7105.09201,W,2,8,1.49,11.9,M,-33.2,M,,0000*5E
,1.706731092E+018,,,,,,,,,,,,,,,,,,,,,,,,,
1.70671309794133E+018,488,1.7067130979369E+018,,42.0058158333333,-71.0848675,0,327347.909971358,4652524.56223972,19,T,1.49,$GPGGA,145813,4220.34895,N,7105.09205,W,2,8,1.49,12.2,M,-33.2,M,,0000*57
,1.706731093E+018,,,,,,,,,,,,,,,,,,,,,,,,,
1.70671309894931E+018,489,1.70671309894492E+018,,42.0058145,-71.0848681666667,0,327347.851154025,4652524.41553573,19,T,1.49,$GPGGA,145814,4220.34887,N,7105.09209,W,2,9,1.49,12.4,M,-33.2,M,,0000*58
,1.706731094E+018,,,,,,,,,,,,,,,,,,,,,,,,,
1.70671309995729E+018,490,1.70671309995303E+018,,42.0058141666667,-71.084869,0,327347.781239093,4652524.38020476,19,T,1.49,$GPGGA,145815,4220.34885,N,7105.09214,W,2,8,1.49,12.6,M,-33.2,M,,0000*54
,1.706731095E+018,,,,,,,,,,,,,,,,,,,,,,,,,
1.70671310097264E+018,491,1.70671310096082E+018,,42.0058148333333,-71.0848701666667,0,327347.686423917,4652524.45658307,19,T,1.49,$GPGGA,145816,4220.34889,N,7105.09221,W,2,9,1.49,12.6,M,-33.2,M,,0000*5C
,1.706731096E+018,,,,,,,,,,,,,,,,,,,,,,,,,
1.70671310197348E+018,492,1.70671310196891E+018,,42.3391483333333,-71.0848713333333,0,328252.205662046,4689537.66873507,19,T,1.49,$GPGGA,145817,4220.3489,N,7105.09228,W,2,9,1.49,12.7,M,-33.2,M,,0000*5D
,1.706731097E+018,,,,,,,,,,,,,,,,,,,,,,,,,
1.70671310298146E+018,493,1.70671310297709E+018,,42.0058165,-71.0848726666667,0,327347.483892603,4652524.64668821,19,T,1.49,$GPGGA,145818,4220.34899,N,7105.09236,W,2,8,1.49,12.7,M,-33.2,M,,0000*55
,1.706731098E+018,,,,,,,,,,,,,,,,,,,,,,,,,
1.70671310398952E+018,494,1.7067131039851E+018,,42.0058181666667,-71.0848743333333,0,327347.350374546,4652524.83511206,19,T,1.49,$GPGGA,145819,4220.34909,N,7105.09246,W,2,9,1.49,12.7,M,-33.2,M,,0000*5A
,1.706731099E+018,,,,,,,,,,,,,,,,,,,,,,,,,
1.70671310499762E+018,495,1.70671310499316E+018,,42.005819,-71.0848755,0,327347.256010223,4652524.9299965,19,T,1.49,$GPGGA,145820,4220.34914,N,7105.09253,W,2,9,1.49,12.7,M,-33.2,M,,0000*58
,1.7067311E+018,,,,,,,,,,,,,,,,,,,,,,,,,
1.70671310601078E+018,496,1.70671310599997E+018,,42.3391516666667,-71.0848785,0,328251.624336317,4689538.05335229,19,T,1.49,$GPGGA,145821,4220.3491,N,7105.09271,W,2,8,1.49,12,M,-33.2,M,,0000*5B
,1.706731101E+018,,,,,,,,,,,,,,,,,,,,,,,,,
1.70671310701226E+018,497,1.706713107008E+018,,42.005813,-71.0848783333333,0,327347.005134808,4652524.26949231,19,T,1.49,$GPGGA,145822,4220.34878,N,7105.0927,W,2,9,1.49,11.6,M,-33.2,M,,0000*52
,1.706731102E+018,,,,,,,,,,,,,,,,,,,,,,,,,
1.7067131080207E+018,498,1.70671310801621E+018,,42.0058093333333,-71.084877,0,327347.105637445,4652523.85966744,19,T,1.49,$GPGGA,145823,4220.34856,N,7105.09262,W,2,8,1.49,11.8,M,-33.2,M,,0000*53
,1.706731103E+018,,,,,,,,,,,,,,,,,,,,,,,,,
1.70671310902878E+018,499,1.70671310902435E+018,,42.0058056666667,-71.0848766666667,0,327347.123324185,4652523.45186012,19,T,1.49,$GPGGA,145824,4220.34834,N,7105.0926,W,2,9,1.49,11.9,M,-33.2,M,,0000*52
,1.706731104E+018,,,,,,,,,,,,,,,,,,,,,,,,,
1.70671311003704E+018,500,1.70671311003258E+018,,42.0058036666667,-71.0848768333333,0,327347.10411141,4652523.23012285,19,T,1.49,$GPGGA,145825,4220.34822,N,7105.09261,W,2,8,1.49,12.1,M,-33.2,M,,0000*5F
,1.706731105E+018,,,,,,,,,,,,,,,,,,,,,,,,,
1.70671311105271E+018,501,1.70671311104078E+018,,42.0058025,-71.0848768333333,0,327347.100955504,4652523.10057996,19,T,1.49,$GPGGA,145826,4220.34815,N,7105.09261,W,2,9,1.49,12.2,M,-33.2,M,,0000*5A
,1.706731106E+018,,,,,,,,,,,,,,,,,,,,,,,,,
1.70671311205334E+018,502,1.7067131120489E+018,,42.0058026666667,-71.0848753333333,0,327347.225630215,4652523.11605976,19,T,1.49,$GPGGA,145827,4220.34816,N,7105.09252,W,2,8,1.49,12.2,M,-33.2,M,,0000*59
,1.706731107E+018,,,,,,,,,,,,,,,,,,,,,,,,,
1.70671311306136E+018,503,1.70671311305691E+018,,42.3391366666667,-71.084874,0,328251.954213932,4689536.37862698,19,T,1.49,$GPGGA,145828,4220.3482,N,7105.09244,W,2,9,1.49,12.1,M,-33.2,M,,0000*56
,1.706731108E+018,,,,,,,,,,,,,,,,,,,,,,,,,
1.70671311406958E+018,504,1.7067131140652E+018,,42.0058038333333,-71.0848731666667,0,327347.408220591,4652523.2412313,19,T,1.49,$GPGGA,145829,4220.34823,N,7105.09239,W,2,8,1.49,12.1,M,-33.2,M,,0000*5F
,1.706731109E+018,,,,,,,,,,,,,,,,,,,,,,,,,
1.70671311507776E+018,505,1.70671311507329E+018,,42.0058043333333,-71.0848725,0,327347.464783727,4652523.29540465,19,T,1.49,$GPGGA,145830,4220.34826,N,7105.09235,W,2,9,1.49,12.1,M,-33.2,M,,0000*5F
,1.70673111E+018,,,,,,,,,,,,,,,,,,,,,,,,,
1.70671311607904E+018,506,1.70671311607698E+018,,42.0058046666667,-71.084872,0,327347.507093369,4652523.33140813,19,T,1.49,$GPGGA,145831,4220.34828,N,7105.09232,W,2,8,1.49,12.1,M,-33.2,M,,0000*56
,1.706731111E+018,,,,,,,,,,,,,,,,,,,,,,,,,
1.70671311708967E+018,507,1.70671311708521E+018,,42.0058051666667,-71.0848713333333,0,327347.563656501,4652523.38558148,19,T,1.49,$GPGGA,145832,4220.34831,N,7105.09228,W,2,8,1.49,12.1,M,-33.2,M,,0000*56
,1.706731112E+018,,,,,,,,,,,,,,,,,,,,,,,,,
1.70671311809796E+018,508,1.70671311809348E+018,,42.0058053333333,-71.0848711666667,0,327347.577909995,4652523.40375135,19,T,1.49,$GPGGA,145833,4220.34832,N,7105.09227,W,2,9,1.49,12.2,M,-33.2,M,,0000*59
,1.706731113E+018,,,,,,,,,,,,,,,,,,,,,,,,,
1.70671311910637E+018,509,1.70671311910171E+018,,42.0058046666667,-71.084871,0,327347.589909276,4652523.32939059,19,T,1.49,$GPGGA,145834,4220.34828,N,7105.09226,W,2,9,1.49,12.2,M,-33.2,M,,0000*54
,1.706731114E+018,,,,,,,,,,,,,,,,,,,,,,,,,
1.70671312011353E+018,510,1.70671312010904E+018,,42.0058058333333,-71.0848693333333,0,327347.731091688,4652523.45557091,19,T,1.49,$GPGGA,145835,4220.34835,N,7105.09216,W,2,8,1.49,12,M,-33.2,M,,0000*59
,1.706731115E+018,,,,,,,,,,,,,,,,,,,,,,,,,
1.70671312112173E+018,511,1.70671312111735E+018,,42.3391433333333,-71.0848708333333,0,328252.233239721,4689537.1125132,19,T,1.49,$GPGGA,145836,4220.3486,N,7105.09225,W,2,8,1.49,12.4,M,-33.2,M,,0000*5E
,1.706731116E+018,,,,,,,,,,,,,,,,,,,,,,,,,
1.70671312213003E+018,512,1.70671312212557E+018,,42.0058128333333,-71.0848723333333,0,327347.501579361,4652524.23888089,19,T,1.49,$GPGGA,145837,4220.34877,N,7105.09234,W,2,9,1.49,12.4,M,-33.2,M,,0000*58
,1.706731117E+018,,,,,,,,,,,,,,,,,,,,,,,,,
1.70671312313837E+018,513,1.70671312313392E+018,,42.0058141666667,-71.0848755,0,327347.242935761,4652524.39331881,19,T,1.49,$GPGGA,145838,4220.34885,N,7105.09253,W,2,8,1.49,12.1,M,-33.2,M,,0000*5F
,1.706731118E+018,,,,,,,,,,,,,,,,,,,,,,,,,
1.70671312415407E+018,514,1.70671312414215E+018,,42.0058138333333,-71.084876,0,327347.200626124,4652524.35731533,19,T,1.49,$GPGGA,145839,4220.34883,N,7105.09256,W,2,8,1.49,12,M,-33.2,M,,0000*5C
,1.706731119E+018,,,,,,,,,,,,,,,,,,,,,,,,,
1.70671312515485E+018,515,1.70671312515027E+018,,42.0058135,-71.0848758333333,0,327347.213527088,4652524.31996681,19,T,1.49,$GPGGA,145840,4220.34881,N,7105.09255,W,2,8,1.49,11.9,M,-33.2,M,,0000*59
,1.70673112E+018,,,,,,,,,,,,,,,,,,,,,,,,,
1.70671312616292E+018,516,1.70671312615846E+018,,42.3391466666667,-71.0848753333333,0,328251.871598102,4689537.49174402,19,T,1.49,$GPGGA,145841,4220.3488,N,7105.09252,W,2,8,1.49,11.8,M,-33.2,M,,0000*5F
,1.706731121E+018,,,,,,,,,,,,,,,,,,,,,,,,,
1.706713127171E+018,517,1.70671312716659E+018,,42.005813,-71.0848745,0,327347.322595756,4652524.26175837,19,T,1.49,$GPGGA,145842,4220.34878,N,7105.09247,W,2,8,1.49,11.6,M,-33.2,M,,0000*51
,1.706731122E+018,,,,,,,,,,,,,,,,,,,,,,,,,
1.70671312817912E+018,518,1.70671312817474E+018,,42.0058123333333,-71.0848746666667,0,327347.306989733,4652524.18807012,19,T,1.49,$GPGGA,145843,4220.34874,N,7105.09248,W,2,8,1.49,11.4,M,-33.2,M,,0000*51
,1.706731123E+018,,,,,,,,,,,,,,,,,,,,,,,,,
1.70671312919306E+018,519,1.7067131291821E+018,,42.0058098333333,-71.0848746666667,0,327347.300227084,4652523.9104782,19,T,1.49,$GPGGA,145844,4220.34859,N,7105.09248,W,2,9,1.49,11.3,M,-33.2,M,,0000*5F
,1.706731124E+018,,,,,,,,,,,,,,,,,,,,,,,,,
1.70671313019481E+018,520,1.70671313019029E+018,,42.3391433333333,-71.0848726666667,0,328252.082206851,4689537.11621634,19,T,1.5,$GPGGA,145845,4220.3486,N,7105.09236,W,2,8,1.5,11.4,M,-33.2,M,,0000*53
,1.706731125E+018,,,,,,,,,,,,,,,,,,,,,,,,,
1.7067131312027E+018,521,1.70671313119829E+018,,42.005809,-71.0848723333333,0,327347.491209977,4652523.81323996,19,T,1.49,$GPGGA,145846,4220.34854,N,7105.09234,W,2,8,1.49,11.3,M,-33.2,M,,0000*5A
,1.706731126E+018,,,,,,,,,,,,,,,,,,,,,,,,,
1.70671313221088E+018,522,1.70671313220635E+018,,42.0058081666667,-71.0848723333333,0,327347.488955763,4652523.72070932,19,T,1.49,$GPGGA,145847,4220.34849,N,7105.09234,W,2,9,1.49,11.3,M,-33.2,M,,0000*56
,1.706731127E+018,,,,,,,,,,,,,,,,,,,,,,,,,
1.70671313321904E+018,523,1.70671313321451E+018,,42.0058098333333,-71.0848723333333,0,327347.493464191,4652523.90577059,19,T,1.49,$GPGGA,145848,4220.34859,N,7105.09234,W,2,8,1.49,11.2,M,-33.2,M,,0000*58
,1.706731128E+018,,,,,,,,,,,,,,,,,,,,,,,,,
1.70671313423479E+018,524,1.70671313422274E+018,,42.0058143333333,-71.084875,0,327347.284794554,4652524.41081616,19,T,1.49,$GPGGA,145849,4220.34886,N,7105.0925,W,2,8,1.49,11.3,M,-33.2,M,,0000*58
,1.706731129E+018,,,,,,,,,,,,,,,,,,,,,,,,,
1.70671313523289E+018,525,1.70671313522992E+018,,42.0058185,-71.084878,0,327347.047617961,4652524.87952199,19,T,1.49,$GPGGA,145850,4220.34911,N,7105.09268,W,2,9,1.49,11.3,M,-33.2,M,,0000*55
,1.70673113E+018,,,,,,,,,,,,,,,,,,,,,,,,,
1.70671313624277E+018,526,1.70671313623811E+018,,42.0058211666667,-71.0848803333333,0,327346.861594395,4652525.18032765,19,T,1.49,$GPGGA,145851,4220.34927,N,7105.09282,W,2,9,1.49,11.3,M,-33.2,M,,0000*55
,1.706731131E+018,,,,,,,,,,,,,,,,,,,,,,,,,
1.70671313725102E+018,527,1.70671313724649E+018,,42.0058228333333,-71.0848818333333,0,327346.741879013,4652525.36841526,19,T,1.49,$GPGGA,145852,4220.34937,N,7105.09291,W,2,9,1.49,11.4,M,-33.2,M,,0000*52
,1.706731132E+018,,,,,,,,,,,,,,,,,,,,,,,,,
1.7067131382569E+018,528,1.70671313825414E+018,,42.0058238333333,-71.0848826666667,0,327346.675570842,4652525.48113332,19,T,1.49,$GPGGA,145853,4220.34943,N,7105.09296,W,2,9,1.49,11.3,M,-33.2,M,,0000*50
,1.706731133E+018,,,,,,,,,,,,,,,,,,,,,,,,,
1.70671313927468E+018,529,1.70671313926259E+018,,42.0058246666667,-71.0848835,0,327346.608811833,4652525.57534525,19,T,1.49,$GPGGA,145854,4220.34948,N,7105.09301,W,2,9,1.49,11.3,M,-33.2,M,,0000*53
,1.706731134E+018,,,,,,,,,,,,,,,,,,,,,,,,,
1.70671314027539E+018,530,1.70671314027105E+018,,42.0058253333333,-71.0848843333333,0,327346.54160198,4652525.65105106,19,T,1.49,$GPGGA,145855,4220.34952,N,7105.09306,W,2,9,1.49,11.3,M,-33.2,M,,0000*5E
,1.706731135E+018,,,,,,,,,,,,,,,,,,,,,,,,,
1.70671314128363E+018,531,1.70671314127919E+018,,42.0058286666667,-71.0848871666667,0,327346.315973899,4652526.02689002,19,T,1.49,$GPGGA,145856,4220.34972,N,7105.09323,W,2,9,1.49,11.4,M,-33.2,M,,0000*5F
,1.706731136E+018,,,,,,,,,,,,,,,,,,,,,,,,,
1.70671314229197E+018,532,1.70671314228731E+018,,42.0058338333333,-71.0848915,0,327345.971081353,4652526.60932274,19,T,1.49,$GPGGA,145857,4220.35003,N,7105.09349,W,2,9,1.49,11.6,M,-33.2,M,,0000*5E
,1.706731137E+018,,,,,,,,,,,,,,,,,,,,,,,,,
1.70671314330027E+018,533,1.70671314329547E+018,,42.0058385,-71.0848951666667,0,327345.680046897,4652527.13489205,19,T,1.49,$GPGGA,145858,4220.35031,N,7105.09371,W,2,8,1.49,11.7,M,-33.2,M,,0000*5B
,1.706731138E+018,,,,,,,,,,,,,,,,,,,,,,,,,
1.70671314431563E+018,534,1.70671314430363E+018,,42.0058415,-71.0848981666667,0,327345.439714575,4652527.47405506,19,T,1.49,$GPGGA,145859,4220.35049,N,7105.09389,W,2,8,1.49,11.9,M,-33.2,M,,0000*5C
,1.706731139E+018,,,,,,,,,,,,,,,,,,,,,,,,,
1.70671314531627E+018,535,1.70671314531179E+018,,42.0058425,-71.0848996666667,0,327345.318195874,4652527.58811818,19,T,1.49,$GPGGA,145900,4220.35055,N,7105.09398,W,2,8,1.49,12.1,M,-33.2,M,,0000*57
,1.70673114E+018,,,,,,,,,,,,,,,,,,,,,,,,,
1.70671314632433E+018,536,1.70671314631987E+018,,42.0058448333333,-71.0849018333333,0,327345.145073401,4652527.85157537,19,T,1.49,$GPGGA,145901,4220.35069,N,7105.09411,W,2,8,1.49,12.3,M,-33.2,M,,0000*5D
,1.706731141E+018,,,,,,,,,,,,,,,,,,,,,,,,,
1.70671314733241E+018,537,1.70671314732801E+018,,42.0058458333333,-71.0849026666667,0,327345.078765286,4652527.96429345,19,T,1.49,$GPGGA,145902,4220.35075,N,7105.09416,W,2,9,1.49,12.6,M,-33.2,M,,0000*50
,1.706731142E+018,,,,,,,,,,,,,,,,,,,,,,,,,
1.70671314834074E+018,538,1.70671314833626E+018,,42.005846,-71.0849026666667,0,327345.079216136,4652527.98279958,19,T,1.49,$GPGGA,145903,4220.35076,N,7105.09416,W,2,8,1.49,13,M,-33.2,M,,0000*54
,1.706731143E+018,,,,,,,,,,,,,,,,,,,,,,,,,
1.70671314934889E+018,539,1.70671314934438E+018,,42.0058463333333,-71.0849031666667,0,327345.038709908,4652528.02082062,19,T,1.49,$GPGGA,145904,4220.35078,N,7105.09419,W,2,8,1.49,13.1,M,-33.2,M,,0000*53
,1.706731144E+018,,,,,,,,,,,,,,,,,,,,,,,,,
1.70671315035689E+018,540,1.70671315035249E+018,,42.0058468333333,-71.0849033333333,0,327345.026259815,4652528.07667526,19,T,1.49,$GPGGA,145905,4220.35081,N,7105.0942,W,2,9,1.49,13.1,M,-33.2,M,,0000*5F
,1.706731145E+018,,,,,,,,,,,,,,,,,,,,,,,,,
1.70671315136505E+018,541,1.70671315136065E+018,,42.0058485,-71.0849041666667,0,327344.961755102,4652528.26341785,19,T,1.49,$GPGGA,145906,4220.35091,N,7105.09425,W,2,8,1.49,13.2,M,-33.2,M,,0000*5A
,1.706731146E+018,,,,,,,,,,,,,,,,,,,,,,,,,
1.70671315237324E+018,542,1.70671315236875E+018,,42.005849,-71.0849041666667,0,327344.963107652,4652528.31893624,19,T,1.49,$GPGGA,145907,4220.35094,N,7105.09425,W,2,9,1.49,13.2,M,-33.2,M,,0000*5F
,1.706731147E+018,,,,,,,,,,,,,,,,,,,,,,,,,
1.70671315337821E+018,543,1.70671315337542E+018,,42.0058486666667,-71.0849041666667,0,327344.962205952,4652528.28192398,19,T,1.49,$GPGGA,145908,4220.35092,N,7105.09425,W,2,8,1.49,13.2,M,-33.2,M,,0000*57
,1.706731148E+018,,,,,,,,,,,,,,,,,,,,,,,,,
1.706713154388E+018,544,1.70671315438363E+018,,42.0058458333333,-71.0849013333333,0,327345.189186428,4652527.96160335,19,T,1.51,$GPGGA,145909,4220.35075,N,7105.09408,W,2,8,1.51,13.9,M,-33.2,M,,0000*52
,1.706731149E+018,,,,,,,,,,,,,,,,,,,,,,,,,
1.70671315539619E+018,545,1.70671315539171E+018,,42.0058431666667,-71.0849008333333,0,327345.223380769,4652527.66449652,19,T,1.51,$GPGGA,145910,4220.35059,N,7105.09405,W,2,9,1.51,13.8,M,-33.2,M,,0000*59
,1.70673115E+018,,,,,,,,,,,,,,,,,,,,,,,,,
1.70671315641006E+018,546,1.70671315639887E+018,,42.0058405,-71.0848983333333,0,327345.42320684,4652527.36335455,19,T,1.49,$GPGGA,145911,4220.35043,N,7105.0939,W,2,8,1.49,14,M,-33.2,M,,0000*5F
,1.706731151E+018,,,,,,,,,,,,,,,,,,,,,,,,,
1.70671315741161E+018,547,1.70671315740699E+018,,42.0058398333333,-71.0848995,0,327345.324784935,4652527.29168388,19,T,1.49,$GPGGA,145912,4220.35039,N,7105.09397,W,2,8,1.49,13.8,M,-33.2,M,,0000*59
,1.706731152E+018,,,,,,,,,,,,,,,,,,,,,,,,,
1.70671315841952E+018,548,1.70671315841503E+018,,42.0058401666667,-71.0849003333333,0,327345.256673414,4652527.33037744,19,T,1.49,$GPGGA,145913,4220.35041,N,7105.09402,W,2,9,1.49,13.8,M,-33.2,M,,0000*5D
,1.706731153E+018,,,,,,,,,,,,,,,,,,,,,,,,,
1.70671315942766E+018,549,1.70671315942323E+018,,42.0058405,-71.084902,0,327345.119548672,4652527.37075232,19,T,1.49,$GPGGA,145914,4220.35043,N,7105.09412,W,2,8,1.49,13.9,M,-33.2,M,,0000*59
,1.706731154E+018,,,,,,,,,,,,,,,,,,,,,,,,,
1.70671316043583E+018,550,1.70671316043132E+018,,42.005839,-71.0849003333333,0,327345.253517471,4652527.20083455,19,T,1.49,$GPGGA,145915,4220.35034,N,7105.09402,W,2,9,1.49,14.2,M,-33.2,M,,0000*54
,1.706731155E+018,,,,,,,,,,,,,,,,,,,,,,,,,
1.70671316145144E+018,551,1.70671316143945E+018,,42.0058381666667,-71.0849003333333,0,327345.251263225,4652527.10830391,19,T,1.49,$GPGGA,145916,4220.35029,N,7105.09402,W,2,9,1.49,14.3,M,-33.2,M,,0000*5A
,1.706731156E+018,,,,,,,,,,,,,,,,,,,,,,,,,
1.70671316245206E+018,552,1.70671316244755E+018,,42.0058378333333,-71.0848998333333,0,327345.29176946,4652527.07028287,19,T,1.49,$GPGGA,145917,4220.35027,N,7105.09399,W,2,9,1.49,14.3,M,-33.2,M,,0000*50
,1.706731157E+018,,,,,,,,,,,,,,,,,,,,,,,,,
1.70671316346026E+018,553,1.70671316345579E+018,,42.005838,-71.0848996666667,0,327345.306022953,4652527.08845274,19,T,1.49,$GPGGA,145918,4220.35028,N,7105.09398,W,2,8,1.49,14.3,M,-33.2,M,,0000*50
,1.706731158E+018,,,,,,,,,,,,,,,,,,,,,,,,,
1.70671316446811E+018,554,1.70671316446364E+018,,42.005838,-71.0848996666667,0,327345.306022953,4652527.08845274,19,T,1.49,$GPGGA,145919,4220.35028,N,7105.09398,W,2,9,1.49,14.3,M,-33.2,M,,0000*50
,1.706731159E+018,,,,,,,,,,,,,,,,,,,,,,,,,
1.70671316547634E+018,555,1.70671316547185E+018,,42.005836,-71.0848981666667,0,327345.424836571,4652526.86335285,19,T,1.49,$GPGGA,145920,4220.35016,N,7105.09389,W,2,9,1.49,14.3,M,-33.2,M,,0000*57
,1.70673116E+018,,,,,,,,,,,,,,,,,,,,,,,,,
1.70671316649193E+018,556,1.70671316647999E+018,,42.0058328333333,-71.0848958333333,0,327345.609507486,4652526.50702877,19,T,1.49,$GPGGA,145921,4220.34997,N,7105.09375,W,2,9,1.49,14.2,M,-33.2,M,,0000*55
,1.706731161E+018,,,,,,,,,,,,,,,,,,,,,,,,,
1.70671316749257E+018,557,1.70671316748805E+018,,42.0058318333333,-71.0848953333333,0,327345.648210334,4652526.39498322,19,T,1.49,$GPGGA,145922,4220.34991,N,7105.09372,W,2,9,1.49,14.3,M,-33.2,M,,0000*56
,1.706731162E+018,,,,,,,,,,,,,,,,,,,,,,,,,
1.70671316849792E+018,558,1.70671316849528E+018,,42.005831,-71.0848953333333,0,327345.645956094,4652526.30245258,19,T,1.49,$GPGGA,145923,4220.34986,N,7105.09372,W,2,9,1.49,14.4,M,-33.2,M,,0000*56
,1.706731163E+018,,,,,,,,,,,,,,,,,,,,,,,,,
1.70671316950794E+018,559,1.70671316950353E+018,,42.0058301666667,-71.084895,0,327345.671307146,4652526.20924942,19,T,1.49,$GPGGA,145924,4220.34981,N,7105.0937,W,2,9,1.49,14.4,M,-33.2,M,,0000*54
,1.706731164E+018,,,,,,,,,,,,,,,,,,,,,,,,,
1.70671317051678E+018,560,1.70671317051157E+018,,42.0058295,-71.0848948333333,0,327345.683306401,4652526.13488865,19,T,1.84,$GPGGA,145925,4220.34977,N,7105.09369,W,2,9,1.84,14.5,M,-33.2,M,,0000*54
,1.706731165E+018,,,,,,,,,,,,,,,,,,,,,,,,,
1.70671317153184E+018,561,1.7067131715198E+018,,42.0058286666667,-71.0848941666667,0,327345.736262749,4652526.04101297,19,T,1.49,$GPGGA,145926,4220.34972,N,7105.09365,W,2,9,1.49,14.5,M,-33.2,M,,0000*5F
,1.706731166E+018,,,,,,,,,,,,,,,,,,,,,,,,,
1.70671317252998E+018,562,1.7067131725272E+018,,42.0058276666667,-71.0848936666667,0,327345.774965602,4652525.92896742,19,T,1.49,$GPGGA,145927,4220.34966,N,7105.09362,W,2,9,1.49,14.5,M,-33.2,M,,0000*5C
,1.706731167E+018,,,,,,,,,,,,,,,,,,,,,,,,,
1.70671317353977E+018,563,1.70671317353529E+018,,42.0058268333333,-71.0848911666667,0,327345.979751069,4652525.83139287,19,T,1.49,$GPGGA,145928,4220.34961,N,7105.09347,W,2,9,1.49,15.3,M,-33.2,M,,0000*54
,1.706731168E+018,,,,,,,,,,,,,,,,,,,,,,,,,
1.706713174548E+018,564,1.70671317454352E+018,,42.0058261666667,-71.0848895,0,327346.11597415,4652525.75400575,19,T,1.51,$GPGGA,145929,4220.34957,N,7105.09337,W,2,9,1.51,15.5,M,-33.2,M,,0000*58
,1.706731169E+018,,,,,,,,,,,,,,,,,,,,,,,,,
1.70671317555606E+018,565,1.7067131755517E+018,,42.0058245,-71.084887,0,327346.318505395,4652525.56390058,19,T,1.49,$GPGGA,145930,4220.34947,N,7105.09322,W,2,8,1.49,15.3,M,-33.2,M,,0000*5B
,1.70673117E+018,,,,,,,,,,,,,,,,,,,,,,,,,
1.70671317657181E+018,566,1.70671317655985E+018,,42.0058231666667,-71.0848848333333,0,327346.494333044,4652525.41148018,19,T,1.51,$GPGGA,145931,4220.34939,N,7105.09309,W,2,8,1.51,15.1,M,-33.2,M,,0000*51
,1.706731171E+018,,,,,,,,,,,,,,,,,,,,,,,,,
1.70671317757296E+018,567,1.70671317756826E+018,,42.0058206666667,-71.0848848333333,0,327346.487570361,4652525.13388827,19,T,1.49,$GPGGA,145932,4220.34924,N,7105.09309,W,2,9,1.49,14.7,M,-33.2,M,,0000*51
,1.706731172E+018,,,,,,,,,,,,,,,,,,,,,,,,,
1.70671317858056E+018,568,1.70671317857628E+018,,42.0058181666667,-71.0848815,0,327346.756860652,4652524.84957117,19,T,1.51,$GPGGA,145933,4220.34909,N,7105.09289,W,2,8,1.51,14.3,M,-33.2,M,,0000*5A
,1.706731173E+018,,,,,,,,,,,,,,,,,,,,,,,,,
1.70671317958873E+018,569,1.70671317958435E+018,,42.0058141666667,-71.0848781666667,0,327347.022093366,4652524.39869894,19,T,1.49,$GPGGA,145934,4220.34885,N,7105.09269,W,2,8,1.49,14.1,M,-33.2,M,,0000*5D
,1.706731174E+018,,,,,,,,,,,,,,,,,,,,,,,,,
1.70671318059692E+018,570,1.70671318059256E+018,,42.0058115,-71.0848773333333,0,327347.083893113,4652524.10091961,19,T,1.49,$GPGGA,145935,4220.34869,N,7105.09264,W,2,9,1.49,13.8,M,-33.2,M,,0000*5C
,1.706731175E+018,,,,,,,,,,,,,,,,,,,,,,,,,
1.70671318160513E+018,571,1.70671318160069E+018,,42.0058093333333,-71.0848763333333,0,327347.160848047,4652523.8583224,19,T,1.49,$GPGGA,145936,4220.34856,N,7105.09258,W,2,8,1.49,13.6,M,-33.2,M,,0000*53
,1.706731176E+018,,,,,,,,,,,,,,,,,,,,,,,,,
1.70671318261314E+018,572,1.70671318260877E+018,,42.0058078333333,-71.0848758333333,0,327347.198198408,4652523.69075848,19,T,1.49,$GPGGA,145937,4220.34847,N,7105.09255,W,2,9,1.49,13.4,M,-33.2,M,,0000*5C
,1.706731177E+018,,,,,,,,,,,,,,,,,,,,,,,,,
1.7067131836214E+018,573,1.70671318361689E+018,,42.0058065,-71.0848753333333,0,327347.235999613,4652523.54170069,19,T,1.49,$GPGGA,145938,4220.34839,N,7105.09252,W,2,8,1.49,13.4,M,-33.2,M,,0000*5C
,1.706731178E+018,,,,,,,,,,,,,,,,,,,,,,,,,
1.7067131846369E+018,574,1.70671318462484E+018,,42.0058055,-71.084875,0,327347.260899857,4652523.42999141,19,T,1.49,$GPGGA,145939,4220.34833,N,7105.0925,W,2,8,1.49,13.3,M,-33.2,M,,0000*52
,1.706731179E+018,,,,,,,,,,,,,,,,,,,,,,,,,
1.70671318563729E+018,575,1.70671318563291E+018,,42.3391366666667,-71.0848726666667,0,328252.06405603,4689536.37593378,19,T,1.49,$GPGGA,145940,4220.3482,N,7105.09236,W,2,8,1.49,12.9,M,-33.2,M,,0000*55
,1.70673118E+018,,,,,,,,,,,,,,,,,,,,,,,,,
1.70671318664527E+018,576,1.70671318664086E+018,,42.0058008333333,-71.0848703333333,0,327347.634750514,4652522.90240463,19,T,1.49,$GPGGA,145941,4220.34805,N,7105.09222,W,2,8,1.49,12.1,M,-33.2,M,,0000*5E
,1.706731181E+018,,,,,,,,,,,,,,,,,,,,,,,,,
1.70671318765335E+018,577,1.70671318764901E+018,,42.0057998333333,-71.084869,0,327347.742466679,4652522.78867781,19,T,1.49,$GPGGA,145942,4220.34799,N,7105.09214,W,2,9,1.49,12,M,-33.2,M,,0000*52
,1.706731182E+018,,,,,,,,,,,,,,,,,,,,,,,,,
1.70671318866153E+018,578,1.70671318865705E+018,,42.0057988333333,-71.084868,0,327347.822577545,4652522.6756235,19,T,1.49,$GPGGA,145943,4220.34793,N,7105.09208,W,2,9,1.49,11.8,M,-33.2,M,,0000*5F
,1.706731183E+018,,,,,,,,,,,,,,,,,,,,,,,,,
1.70671318966963E+018,579,1.70671318966513E+018,,42.0057971666667,-71.084866,0,327347.983700965,4652522.48652715,19,T,1.49,$GPGGA,145944,4220.34783,N,7105.09196,W,2,8,1.49,11.7,M,-33.2,M,,0000*53
,1.706731184E+018,,,,,,,,,,,,,,,,,,,,,,,,,
1.70671319068516E+018,580,1.7067131906732E+018,,42.3391283333333,-71.0848625,0,328252.878913615,4689535.43004503,19,T,1.49,$GPGGA,145945,4220.3477,N,7105.09175,W,2,9,1.49,11.7,M,-33.2,M,,0000*52
,1.706731185E+018,,,,,,,,,,,,,,,,,,,,,,,,,
1.70671319168569E+018,581,1.70671319168129E+018,,42.0057973333333,-71.084863,0,327348.232599567,4652522.49898067,19,T,1.49,$GPGGA,145946,4220.34784,N,7105.09178,W,2,9,1.49,11.7,M,-33.2,M,,0000*57
,1.706731186E+018,,,,,,,,,,,,,,,,,,,,,,,,,
1.70671319269388E+018,582,1.70671319268946E+018,,42.0057975,-71.0848633333333,0,327348.2054451,4652522.5181593,19,T,1.55,$GPGGA,145947,4220.34785,N,7105.0918,W,2,8,1.55,11.7,M,-33.2,M,,0000*5C
,1.706731187E+018,,,,,,,,,,,,,,,,,,,,,,,,,
1.70671319369955E+018,583,1.70671319369687E+018,,42.0057993333333,-71.0848641666667,0,327348.141391083,4652522.72340798,19,T,1.49,$GPGGA,145948,4220.34796,N,7105.09185,W,2,9,1.49,11.9,M,-33.2,M,,0000*56
,1.706731188E+018,,,,,,,,,,,,,,,,,,,,,,,,,
1.7067131947093E+018,584,1.70671319470493E+018,,42.0058058333333,-71.0848681666667,0,327347.827710248,4652523.45321711,19,T,1.55,$GPGGA,145949,4220.34835,N,7105.09209,W,2,9,1.55,12,M,-33.2,M,,0000*51
,1.706731189E+018,,,,,,,,,,,,,,,,,,,,,,,,,
1.70671319572504E+018,585,1.70671319571314E+018,,42.0058076666667,-71.0848698333333,0,327347.694642999,4652523.66014708,19,T,1.49,$GPGGA,145950,4220.34846,N,7105.09219,W,2,9,1.49,11.8,M,-33.2,M,,0000*5A
,1.70673119E+018,,,,,,,,,,,,,,,,,,,,,,,,,
1.70671319672332E+018,586,1.70671319672058E+018,,42.0058086666667,-71.0848691666667,0,327347.752558654,4652523.76983882,19,T,1.89,$GPGGA,145951,4220.34852,N,7105.09215,W,2,8,1.89,11.9,M,-33.2,M,,0000*5E
,1.706731191E+018,,,,,,,,,,,,,,,,,,,,,,,,,
1.70671319773314E+018,587,1.70671319772872E+018,,42.0058101666667,-71.0848686666667,0,327347.798024183,4652523.93538519,19,T,1.49,$GPGGA,145952,4220.34861,N,7105.09212,W,2,9,1.49,12.1,M,-33.2,M,,0000*5C
,1.706731192E+018,,,,,,,,,,,,,,,,,,,,,,,,,
1.70671319874138E+018,588,1.70671319873699E+018,,42.0058095,-71.084867,0,327347.934247322,4652523.85799811,19,T,1.49,$GPGGA,145953,4220.34857,N,7105.09202,W,2,9,1.49,12.1,M,-33.2,M,,0000*59
,1.706731193E+018,,,,,,,,,,,,,,,,,,,,,,,,,
1.7067131997456E+018,589,1.70671319974325E+018,,42.0058103333333,-72.7515333333333,0,686200.793879028,4652866.98407972,18,T,1.49,$GPGGA,145954,4220.34862,N,7105.092,W,2,9,1.49,12,M,-33.2,M,,0000*5B
,1.706731194E+018,,,,,,,,,,,,,,,,,,,,,,,,,
1.70671320076334E+018,590,1.70671320075126E+018,,42.0058113333333,-71.0848676666667,0,327347.883995981,4652524.06291054,19,T,1.53,$GPGGA,145955,4220.34868,N,7105.09206,W,2,8,1.53,12,M,-33.2,M,,0000*5C
,1.706731195E+018,,,,,,,,,,,,,,,,,,,,,,,,,
1.70671320176369E+018,591,1.70671320175932E+018,,42.0058115,-71.0848686666667,0,327347.801630919,4652524.08343421,19,T,1.53,$GPGGA,145956,4220.34869,N,7105.09212,W,2,8,1.53,12,M,-33.2,M,,0000*5B
,1.706731196E+018,,,,,,,,,,,,,,,,,,,,,,,,,
1.7067132027689E+018,592,1.70671320276612E+018,,42.0058108333333,-71.084868,0,327347.855038153,4652524.00806467,19,T,1.53,$GPGGA,145957,4220.34865,N,7105.09208,W,2,9,1.53,12.4,M,-33.2,M,,0000*58
,1.706731197E+018,,,,,,,,,,,,,,,,,,,,,,,,,
1.70671320377872E+018,593,1.70671320377435E+018,,42.3391433333333,-71.0848675,0,328252.507844937,4689537.10578023,19,T,1.49,$GPGGA,145958,4220.3486,N,7105.09205,W,2,8,1.49,12.7,M,-33.2,M,,0000*56
,1.706731198E+018,,,,,,,,,,,,,,,,,,,,,,,,,
1.7067132047868E+018,594,1.70671320478246E+018,,42.0058071666667,-71.0848643333333,0,327348.148777957,4652523.59353223,19,T,1.49,$GPGGA,145959,4220.34843,N,7105.09186,W,2,8,1.49,12.6,M,-33.2,M,,0000*5F
,1.706731199E+018,,,,,,,,,,,,,,,,,,,,,,,,,
1.7067132057951E+018,595,1.70671320579053E+018,,42.3391383333333,-71.0848618333333,0,328252.961060757,4689536.53912228,19,T,1.49,$GPGGA,150000,4220.3483,N,7105.09171,W,2,8,1.49,12.4,M,-33.2,M,,0000*50
,1.7067312E+018,,,,,,,,,,,,,,,,,,,,,,,,,
1.70671320680299E+018,596,1.70671320679859E+018,,42.005803,-71.0848593333333,0,327348.551586491,4652523.12079137,19,T,1.49,$GPGGA,150001,4220.34818,N,7105.09156,W,2,8,1.49,12.3,M,-33.2,M,,0000*59
,1.706731201E+018,,,,,,,,,,,,,,,,,,,,,,,,,
1.70671320781066E+018,597,1.70671320780609E+018,,45.6724666666667,-71.0848565,0,337615.648121174,5059771.24710442,19,T,1.49,$GPGGA,150002,4220.348,N,7105.09139,W,2,7,1.49,12.2,M,-33.2,M,,0000*54
,1.706731202E+018,,,,,,,,,,,,,,,,,,,,,,,,,
1.70671320881872E+018,598,1.70671320881435E+018,,42.0058025,-71.0848565,0,327348.784879058,4652523.05955665,19,T,1.49,$GPGGA,150003,4220.34815,N,7105.09139,W,2,8,1.49,12.5,M,-33.2,M,,0000*59
,1.706731203E+018,,,,,,,,,,,,,,,,,,,,,,,,,
1.70671320982678E+018,599,1.70671320982237E+018,,42.0058056666667,-71.0848585,0,327348.627813189,4652523.41520813,19,T,1.53,$GPGGA,150004,4220.34834,N,7105.09151,W,2,7,1.53,12.4,M,-33.2,M,,0000*56
,1.706731204E+018,,,,,,,,,,,,,,,,,,,,,,,,,
1.70671321083492E+018,600,1.70671321083055E+018,,42.0058086666667,-71.0848606666667,0,327348.456493842,4652523.75268974,19,T,1.53,$GPGGA,150005,4220.34852,N,7105.09164,W,2,8,1.53,12.4,M,-33.2,M,,0000*5E
,1.706731205E+018,,,,,,,,,,,,,,,,,,,,,,,,,
1.70671321184302E+018,601,1.70671321183856E+018,,42.0058105,-71.0848626666667,0,327348.295821282,4652523.96029221,19,T,1.53,$GPGGA,150006,4220.34863,N,7105.09176,W,2,7,1.53,12.3,M,-33.2,M,,0000*54
,1.706731206E+018,,,,,,,,,,,,,,,,,,,,,,,,,
1.70671321285867E+018,602,1.70671321284663E+018,,42.0058115,-71.0848631666667,0,327348.257118377,4652524.07233775,19,T,1.53,$GPGGA,150007,4220.34869,N,7105.09179,W,2,8,1.53,12.3,M,-33.2,M,,0000*5F
,1.706731207E+018,,,,,,,,,,,,,,,,,,,,,,,,,
1.70671321385925E+018,603,1.70671321385482E+018,,42.0058125,-71.0848635,0,327348.23221812,4652524.18404702,19,T,1.53,$GPGGA,150008,4220.34875,N,7105.09181,W,2,8,1.53,12.1,M,-33.2,M,,0000*58
,1.706731208E+018,,,,,,,,,,,,,,,,,,,,,,,,,
1.70671321486755E+018,604,1.70671321486302E+018,,42.0058138333333,-71.0848633333333,0,327348.249627496,4652524.33175979,19,T,1.53,$GPGGA,150009,4220.34883,N,7105.0918,W,2,7,1.53,12.1,M,-33.2,M,,0000*5E
,1.706731209E+018,,,,,,,,,,,,,,,,,,,,,,,,,
1.70671321587569E+018,605,1.7067132158712E+018,,42.0058148333333,-71.0848623333333,0,327348.335148438,4652524.44077901,19,T,1.53,$GPGGA,150010,4220.34889,N,7105.09174,W,2,8,1.53,12.2,M,-33.2,M,,0000*5B
,1.70673121E+018,,,,,,,,,,,,,,,,,,,,,,,,,
1.70671321688472E+018,606,1.70671321687931E+018,,42.0058156666667,-71.0848618333333,0,327348.378810588,4652524.53230088,19,T,1.53,$GPGGA,150011,4220.34894,N,7105.09171,W,2,8,1.53,12.4,M,-33.2,M,,0000*55
,1.706731211E+018,,,,,,,,,,,,,,,,,,,,,,,,,
1.7067132178917E+018,607,1.7067132178874E+018,,42.0058163333333,-71.0848608333333,0,327348.463429845,4652524.60430786,19,T,1.53,$GPGGA,150012,4220.34898,N,7105.09165,W,2,8,1.53,12.6,M,-33.2,M,,0000*5D
,1.706731212E+018,,,,,,,,,,,,,,,,,,,,,,,,,
1.70671321889988E+018,608,1.70671321889546E+018,,42.0058176666667,-71.0848598333333,0,327348.549852461,4652524.75033934,19,T,1.53,$GPGGA,150013,4220.34906,N,7105.09159,W,2,7,1.53,12.4,M,-33.2,M,,0000*58
,1.706731213E+018,,,,,,,,,,,,,,,,,,,,,,,,,
1.70671321990794E+018,609,1.70671321990348E+018,,42.0058178333333,-71.084861,0,327348.45368476,4652524.77119926,19,T,1.55,$GPGGA,150014,4220.34907,N,7105.09166,W,2,8,1.55,12.5,M,-33.2,M,,0000*5A
,1.706731214E+018,,,,,,,,,,,,,,,,,,,,,,,,,
1.70671322091605E+018,610,1.70671322091166E+018,,42.0058175,-71.0848606666667,0,327348.480388376,4652524.73351449,19,T,1.55,$GPGGA,150015,4220.34905,N,7105.09164,W,2,8,1.55,12.5,M,-33.2,M,,0000*5B
,1.706731215E+018,,,,,,,,,,,,,,,,,,,,,,,,,
1.70671322192425E+018,611,1.70671322191978E+018,,42.0058171666667,-71.0848596666667,0,327348.562302589,4652524.6944847,19,T,1.49,$GPGGA,150016,4220.34903,N,7105.09158,W,2,9,1.49,12.4,M,-33.2,M,,0000*5C
,1.706731216E+018,,,,,,,,,,,,,,,,,,,,,,,,,
1.70671322293252E+018,612,1.70671322292795E+018,,45.6724833333333,-71.0848588333333,0,337615.514605426,5059773.10348426,19,T,1.49,$GPGGA,150017,4220.349,N,7105.09153,W,2,9,1.49,12.4,M,-33.2,M,,0000*55
,1.706731217E+018,,,,,,,,,,,,,,,,,,,,,,,,,
1.70671322394051E+018,613,1.70671322393606E+018,,42.005818,-71.0848598333333,0,327348.550754141,4652524.7873516,19,T,1.49,$GPGGA,150018,4220.34908,N,7105.09159,W,2,8,1.49,12.5,M,-33.2,M,,0000*58
,1.706731218E+018,,,,,,,,,,,,,,,,,,,,,,,,,
1.70671322494868E+018,614,1.70671322494422E+018,,42.0058206666667,-71.0848613333333,0,327348.433743749,4652525.08647594,19,T,1.49,$GPGGA,150019,4220.34924,N,7105.09168,W,2,9,1.49,12.6,M,-33.2,M,,0000*57
,1.706731219E+018,,,,,,,,,,,,,,,,,,,,,,,,,
1.70671322595695E+018,615,1.70671322595247E+018,,42.0058205,-71.0848628333333,0,327348.309069077,4652525.07099611,19,T,1.49,$GPGGA,150020,4220.34923,N,7105.09177,W,2,8,1.49,12.7,M,-33.2,M,,0000*54
,1.70673122E+018,,,,,,,,,,,,,,,,,,,,,,,,,
1.70671322696505E+018,616,1.7067132269606E+018,,42.0058208333333,-71.0848641666667,0,327348.199549572,4652525.11069842,19,T,1.49,$GPGGA,150021,4220.34925,N,7105.09185,W,2,9,1.49,12.7,M,-33.2,M,,0000*5F
,1.706731221E+018,,,,,,,,,,,,,,,,,,,,,,,,,
1.70671322797309E+018,617,1.70671322796871E+018,,42.0058223333333,-71.084864,0,327348.21740979,4652525.27691731,19,T,1.49,$GPGGA,150022,4220.34934,N,7105.09184,W,2,9,1.49,12.9,M,-33.2,M,,0000*53
,1.706731222E+018,,,,,,,,,,,,,,,,,,,,,,,,,
1.70671322898143E+018,618,1.70671322897686E+018,,42.0058206666667,-71.0848636666667,0,327348.240506677,4652525.09118352,19,T,2.32,$GPGGA,150023,4220.34924,N,7105.09182,W,2,7,2.32,12.8,M,-33.2,M,,0000*55
,1.706731223E+018,,,,,,,,,,,,,,,,,,,,,,,,,
1.70671322998933E+018,619,1.70671322998493E+018,,42.0058208333333,-71.0848643333333,0,327348.185746924,4652525.11103467,19,T,1.53,$GPGGA,150024,4220.34925,N,7105.09186,W,2,8,1.53,12.7,M,-33.2,M,,0000*53
,1.706731224E+018,,,,,,,,,,,,,,,,,,,,,,,,,
1.7067132309949E+018,620,1.70671323099195E+018,,42.3391533333333,-71.084864,0,328252.823406535,4689538.20913447,19,T,1.53,$GPGGA,150025,4220.3492,N,7105.09184,W,2,7,1.53,12.7,M,-33.2,M,,0000*5A
,1.706731225E+018,,,,,,,,,,,,,,,,,,,,,,,,,
1.70671323200469E+018,621,1.70671323200027E+018,,42.0058185,-71.0848626666667,0,327348.317461636,4652524.84858633,19,T,1.53,$GPGGA,150026,4220.34911,N,7105.09176,W,2,7,1.53,12.7,M,-33.2,M,,0000*56
,1.706731226E+018,,,,,,,,,,,,,,,,,,,,,,,,,
1.70671323301296E+018,622,1.70671323300852E+018,,42.0058136666667,-71.0848601666667,0,327348.511427,4652524.3068648,19,T,1.53,$GPGGA,150027,4220.34882,N,7105.09161,W,2,7,1.53,12.5,M,-33.2,M,,0000*58
,1.706731227E+018,,,,,,,,,,,,,,,,,,,,,,,,,
1.70671323402103E+018,623,1.70671323401667E+018,,42.0058115,-71.0848625,0,327348.312328976,4652524.07099272,19,T,1.49,$GPGGA,150028,4220.34869,N,7105.09175,W,2,9,1.49,12.5,M,-33.2,M,,0000*52
,1.706731228E+018,,,,,,,,,,,,,,,,,,,,,,,,,
1.70671323502757E+018,624,1.70671323502341E+018,,42.005812,-71.0848636666667,0,327348.217062948,4652524.1288649,19,T,1.49,$GPGGA,150029,4220.34872,N,7105.09182,W,2,9,1.49,12.4,M,-33.2,M,,0000*50
,1.706731229E+018,,,,,,,,,,,,,,,,,,,,,,,,,
1.70671323603603E+018,625,1.7067132360316E+018,,42.005811,-71.084863,0,327348.269568504,4652524.01648311,19,T,1.49,$GPGGA,150030,4220.34866,N,7105.09178,W,2,8,1.49,12.3,M,-33.2,M,,0000*5E
,1.70673123E+018,,,,,,,,,,,,,,,,,,,,,,,,,
1.70671323704429E+018,626,1.7067132370398E+018,,42.0058035,-71.0848641666667,0,327348.152662106,4652523.18606117,19,T,1.53,$GPGGA,150031,4220.34821,N,7105.09185,W,2,8,1.53,12,M,-33.2,M,,0000*56
,1.706731231E+018,,,,,,,,,,,,,,,,,,,,,,,,,
1.70671323805238E+018,627,1.70671323804794E+018,,42.0057961666667,-71.0848641666667,0,327348.132825106,4652522.37179157,19,T,1.53,$GPGGA,150032,4220.34777,N,7105.09185,W,2,7,1.53,11.7,M,-33.2,M,,0000*52
,1.706731232E+018,,,,,,,,,,,,,,,,,,,,,,,,,
1.70671323906051E+018,628,1.70671323905611E+018,,42.0057915,-71.0848635,0,327348.175412181,4652521.85227498,19,T,1.53,$GPGGA,150033,4220.34749,N,7105.09181,W,2,8,1.53,11.7,M,-33.2,M,,0000*55
,1.706731233E+018,,,,,,,,,,,,,,,,,,,,,,,,,
1.70671324006853E+018,629,1.70671324006417E+018,,42.0057886666667,-71.0848625,0,327348.250563821,4652521.53565328,19,T,1.53,$GPGGA,150034,4220.34732,N,7105.09175,W,2,7,1.53,11.7,M,-33.2,M,,0000*5A
,1.706731234E+018,,,,,,,,,,,,,,,,,,,,,,,,,
1.70671324107607E+018,630,1.70671324107155E+018,,42.0057875,-71.0848608333333,0,327348.38543449,4652521.40274783,19,T,1.53,$GPGGA,150035,4220.34725,N,7105.09165,W,2,7,1.53,11.7,M,-33.2,M,,0000*5C
,1.706731235E+018,,,,,,,,,,,,,,,,,,,,,,,,,
1.70671324208407E+018,631,1.70671324207961E+018,,42.0057868333333,-71.0848595,0,327348.494052373,4652521.32603327,19,T,1.53,$GPGGA,150036,4220.34721,N,7105.09157,W,2,8,1.53,11.7,M,-33.2,M,,0000*55
,1.706731236E+018,,,,,,,,,,,,,,,,,,,,,,,,,
1.70671324309215E+018,632,1.70671324308768E+018,,42.005786,-71.0848578333333,0,327348.629824732,4652521.23014008,19,T,1.53,$GPGGA,150037,4220.34716,N,7105.09147,W,2,8,1.53,11.8,M,-33.2,M,,0000*5E
,1.706731237E+018,,,,,,,,,,,,,,,,,,,,,,,,,
1.70671324410012E+018,633,1.7067132440957E+018,,42.0057851666667,-71.0848558333333,0,327348.793202405,4652521.13357439,19,T,1.49,$GPGGA,150038,4220.34711,N,7105.09135,W,2,9,1.49,11.8,M,-33.2,M,,0000*59
,1.706731238E+018,,,,,,,,,,,,,,,,,,,,,,,,,
1.70671324510831E+018,634,1.70671324510382E+018,,42.0057838333333,-71.0848538333333,0,327348.955227568,4652520.98149031,19,T,1.49,$GPGGA,150039,4220.34703,N,7105.09123,W,2,9,1.49,11.8,M,-33.2,M,,0000*5C
,1.706731239E+018,,,,,,,,,,,,,,,,,,,,,,,,,
1.7067132461178E+018,635,1.70671324611321E+018,,42.0057843333333,-71.084854,0,327348.942777423,4652521.03734495,19,T,2.31,$GPGGA,150040,4220.34706,N,7105.09124,W,2,9,2.31,11.9,M,-33.2,M,,0000*5D
,1.70673124E+018,,,,,,,,,,,,,,,,,,,,,,,,,
1.70671324712566E+018,636,1.70671324712136E+018,,42.3391183333333,-71.0848535,0,328253.593121902,4689534.30144226,19,T,1.49,$GPGGA,150041,4220.3471,N,7105.09121,W,2,8,1.49,12,M,-33.2,M,,0000*59
,1.706731241E+018,,,,,,,,,,,,,,,,,,,,,,,,,
1.70671324813388E+018,637,1.70671324812945E+018,,42.0057855,-71.0848528333333,0,327349.042551886,4652521.16453406,19,T,1.49,$GPGGA,150042,4220.34713,N,7105.09117,W,2,8,1.49,12,M,-33.2,M,,0000*5C
,1.706731242E+018,,,,,,,,,,,,,,,,,,,,,,,,,
1.7067132491421E+018,638,1.70671324913752E+018,,42.0057825,-71.0848486666667,0,327349.379503205,4652520.82301742,19,T,1.49,$GPGGA,150043,4220.34695,N,7105.09092,W,2,8,1.49,12,M,-33.2,M,,0000*5E
,1.706731243E+018,,,,,,,,,,,,,,,,,,,,,,,,,
1.70671325015013E+018,639,1.70671325014572E+018,,42.3391116666667,-71.0848431666667,0,328254.42624785,4689533.5402877,19,T,1.49,$GPGGA,150044,4220.3467,N,7105.09059,W,2,8,1.49,12,M,-33.2,M,,0000*55
,1.706731244E+018,,,,,,,,,,,,,,,,,,,,,,,,,
1.7067132511587E+018,640,1.70671325115408E+018,,42.0057765,-71.0848401666667,0,327350.067208601,4652520.13964793,19,T,1.49,$GPGGA,150045,4220.34659,N,7105.09041,W,2,9,1.49,12.1,M,-33.2,M,,0000*56
,1.706731245E+018,,,,,,,,,,,,,,,,,,,,,,,,,
1.7067132521669E+018,641,1.70671325216223E+018,,42.0057763333333,-71.0848376666667,0,327350.273797631,4652520.11609802,19,T,1.49,$GPGGA,150046,4220.34658,N,7105.09026,W,2,8,1.49,12.2,M,-33.2,M,,0000*57
,1.706731246E+018,,,,,,,,,,,,,,,,,,,,,,,,,
1.70671325317454E+018,642,1.70671325317027E+018,,42.0057793333333,-71.084841,0,327350.005859521,4652520.45593336,19,T,1.49,$GPGGA,150047,4220.34676,N,7105.09046,W,2,9,1.49,12.2,M,-33.2,M,,0000*5D
,1.706731247E+018,,,,,,,,,,,,,,,,,,,,,,,,,
1.70671325418257E+018,643,1.70671325417828E+018,,42.0057863333333,-71.0848458333333,0,327349.624517611,4652521.24294203,19,T,1.49,$GPGGA,150048,4220.34718,N,7105.09075,W,2,8,1.49,12.5,M,-33.2,M,,0000*5D
,1.706731248E+018,,,,,,,,,,,,,,,,,,,,,,,,,
1.70671325519078E+018,644,1.70671325518635E+018,,42.0057913333333,-71.0848496666667,0,327349.320581662,4652521.80585969,19,T,1.49,$GPGGA,150049,4220.34748,N,7105.09098,W,2,9,1.49,12.6,M,-33.2,M,,0000*58
,1.706731249E+018,,,,,,,,,,,,,,,,,,,,,,,,,
1.70671325619893E+018,645,1.70671325619443E+018,,42.3391283333333,-71.0848523333333,0,328253.71645972,4689535.40950958,19,T,1.49,$GPGGA,150050,4220.3477,N,7105.09114,W,2,9,1.49,12.6,M,-33.2,M,,0000*5E
,1.70673125E+018,,,,,,,,,,,,,,,,,,,,,,,,,
1.7067132572069E+018,646,1.70671325720244E+018,,42.005797,-71.0848536666667,0,327349.004646469,4652522.44313811,19,T,1.49,$GPGGA,150051,4220.34782,N,7105.09122,W,2,8,1.49,12.6,M,-33.2,M,,0000*56
,1.706731251E+018,,,,,,,,,,,,,,,,,,,,,,,,,
1.7067132582149E+018,647,1.70671325821052E+018,,42.0058005,-71.0848556666667,0,327348.84848225,4652522.83580185,19,T,1.49,$GPGGA,150052,4220.34803,N,7105.09134,W,2,9,1.49,12.5,M,-33.2,M,,0000*56
,1.706731252E+018,,,,,,,,,,,,,,,,,,,,,,,,,
1.706713259223E+018,648,1.70671325921848E+018,,42.0058015,-71.0848581666667,0,327348.6441475,4652522.95188243,19,T,1.49,$GPGGA,150053,4220.34809,N,7105.09149,W,2,8,1.49,12.1,M,-33.2,M,,0000*52
,1.706731253E+018,,,,,,,,,,,,,,,,,,,,,,,,,
1.70671326023109E+018,649,1.70671326022662E+018,,42.0057996666667,-71.084857,0,327348.735806831,4652522.74596125,19,T,1.49,$GPGGA,150054,4220.34798,N,7105.09142,W,2,8,1.49,11.7,M,-33.2,M,,0000*5C
,1.706731254E+018,,,,,,,,,,,,,,,,,,,,,,,,,
